rule,sourceType,sourceFile,sourceRow,partyName,currency,direction,rawBalance,ourRefNo,sourceInternalId
I2,INVOICE,1.INVOICE_JAN-APR 2026.xls,2,LEMOND FOOD CORP NEW ADDR,CAD,receivable,1007.75,PEOI009458,17334
W2,INVOICE,1.INVOICE_JAN-APR 2026.xls,2,LEMOND FOOD CORP NEW ADDR,CAD,receivable,1007.75,PEOI009458,17334
I2,INVOICE,1.INVOICE_JAN-APR 2026.xls,3,LEMOND FOOD CORP NEW ADDR,CAD,receivable,955,PEOI009456,17333
W2,INVOICE,1.INVOICE_JAN-APR 2026.xls,3,LEMOND FOOD CORP NEW ADDR,CAD,receivable,955,PEOI009456,17333
I2,INVOICE,1.INVOICE_JAN-APR 2026.xls,4,LEMOND FOOD CORP NEW ADDR,CAD,receivable,1120,PEOI009392,17332
W2,INVOICE,1.INVOICE_JAN-APR 2026.xls,4,LEMOND FOOD CORP NEW ADDR,CAD,receivable,1120,PEOI009392,17332
W2,INVOICE,1.INVOICE_JAN-APR 2026.xls,6,LEMOND FOOD CORP NEW ADDR,CAD,receivable,2305,PEOI009373,17330
W2,INVOICE,1.INVOICE_JAN-APR 2026.xls,8,LEMOND FOOD CORP NEW ADDR,CAD,receivable,1245,PEOI009414,17327
W2,INVOICE,1.INVOICE_JAN-APR 2026.xls,9,LEMOND FOOD CORP NEW ADDR,CAD,receivable,1045,PEOI009389,17325
W2,INVOICE,1.INVOICE_JAN-APR 2026.xls,10,LEMOND FOOD CORP NEW ADDR,CAD,receivable,1285,PEOI009428,17324
W2,INVOICE,1.INVOICE_JAN-APR 2026.xls,11,LEMOND FOOD CORP NEW ADDR,CAD,receivable,2405,PEOI009400,17323
W2,INVOICE,1.INVOICE_JAN-APR 2026.xls,12,LEMOND FOOD CORP NEW ADDR,CAD,receivable,1685,PEOI009405,17322
I2,INVOICE,1.INVOICE_JAN-APR 2026.xls,13,LEMOND FOOD CORP NEW ADDR,CAD,receivable,900,PEOI009413,17321
W2,INVOICE,1.INVOICE_JAN-APR 2026.xls,13,LEMOND FOOD CORP NEW ADDR,CAD,receivable,900,PEOI009413,17321
W2,INVOICE,1.INVOICE_JAN-APR 2026.xls,14,LEMOND FOOD CORP NEW ADDR,CAD,receivable,1605,PEOI009394,17320
W2,INVOICE,1.INVOICE_JAN-APR 2026.xls,16,LEMOND FOOD CORP NEW ADDR,CAD,receivable,1525,PEOI009452,17318
I2,INVOICE,1.INVOICE_JAN-APR 2026.xls,18,EGONGEGONG CANADA,CAD,receivable,8797.66,PEAI008822,17329
W2,INVOICE,1.INVOICE_JAN-APR 2026.xls,19,LEMOND FOOD CORP NEW ADDR,CAD,receivable,870,PEOI009364,17317
W2,INVOICE,1.INVOICE_JAN-APR 2026.xls,20,LEMOND FOOD CORP NEW ADDR,CAD,receivable,867.5,PEOI009399,17307
W2,INVOICE,1.INVOICE_JAN-APR 2026.xls,21,LEMOND FOOD CORP NEW ADDR,CAD,receivable,2127.95,PEOI009406,17304
W2,INVOICE,1.INVOICE_JAN-APR 2026.xls,23,LEMOND FOOD CORP NEW ADDR,CAD,receivable,1120,PEOI009372,17302
W2,INVOICE,1.INVOICE_JAN-APR 2026.xls,26,LEMOND FOOD CORP NEW ADDR,CAD,receivable,1205,PEOI009343,17299
W2,INVOICE,1.INVOICE_JAN-APR 2026.xls,27,LEMOND FOOD CORP NEW ADDR,CAD,receivable,870,PEOI009345,17298
W2,INVOICE,1.INVOICE_JAN-APR 2026.xls,28,LEMOND FOOD CORP NEW ADDR,CAD,receivable,1285,PEOI009379,17297
W2,INVOICE,1.INVOICE_JAN-APR 2026.xls,30,GOODLIFE GROUP,CAD,receivable,1003,PEOI009375,17295
W2,INVOICE,1.INVOICE_JAN-APR 2026.xls,31,GOODLIFE GROUP,USD,receivable,4320,PEOI009375,17294
W2,INVOICE,1.INVOICE_JAN-APR 2026.xls,34,LEMOND FOOD CORP NEW ADDR,CAD,receivable,1325,PEOI009381,17291
W2,INVOICE,1.INVOICE_JAN-APR 2026.xls,35,LEMOND FOOD CORP NEW ADDR,CAD,receivable,575,PEOI009393,17290
I2,INVOICE,1.INVOICE_JAN-APR 2026.xls,39,EXCELSIOR FLOORING,CAD,receivable,246.4,PEOI009438,17288
I2,INVOICE,1.INVOICE_JAN-APR 2026.xls,40,EXCELSIOR FLOORING,CAD,receivable,211.09,PEOI009437,17287
I2,INVOICE,1.INVOICE_JAN-APR 2026.xls,42,EXCELSIOR FLOORING,CAD,receivable,274.6,PEOI009435,17285
W2,INVOICE,1.INVOICE_JAN-APR 2026.xls,51,LEMOND FOOD CORP NEW ADDR,CAD,receivable,870,PEOI009366,17277
W2,INVOICE,1.INVOICE_JAN-APR 2026.xls,56,LEMOND FOOD CORP NEW ADDR,USD,receivable,140,PEOI009430,17274
W2,INVOICE,1.INVOICE_JAN-APR 2026.xls,58,LEMOND FOOD CORP NEW ADDR,CAD,receivable,870,PEOI009395,17272
I2,INVOICE,1.INVOICE_JAN-APR 2026.xls,61,AMOREPACIFIC CANADA INC(5,CAD,receivable,12982.56,PEOI009386,17347
W2,INVOICE,1.INVOICE_JAN-APR 2026.xls,63,LEMOND FOOD CORP NEW ADDR,CAD,receivable,1120,PEOI009371,17265
W2,INVOICE,1.INVOICE_JAN-APR 2026.xls,64,LEMOND FOOD CORP NEW ADDR,CAD,receivable,1120,PEOI009398,17264
W2,INVOICE,1.INVOICE_JAN-APR 2026.xls,67,LEMOND FOOD CORP NEW ADDR,CAD,receivable,870,PEOI009397,17261
I2,INVOICE,1.INVOICE_JAN-APR 2026.xls,76,WIG BEAUTY OUTLET,CAD,receivable,87.83,TRU-00375,17267
W2,INVOICE,1.INVOICE_JAN-APR 2026.xls,80,LEMOND FOOD CORP NEW ADDR,CAD,receivable,1370,PEOI009346,17258
W2,INVOICE,1.INVOICE_JAN-APR 2026.xls,81,LEMOND FOOD CORP NEW ADDR,CAD,receivable,870,PEOI009365,17257
W2,INVOICE,1.INVOICE_JAN-APR 2026.xls,83,LEMOND FOOD CORP NEW ADDR,USD,receivable,730,PEOI009406,17256
I2,INVOICE,1.INVOICE_JAN-APR 2026.xls,87,CENTRE LOGISTIQUE,CAD,receivable,734,INVEN000112,17254
W2,INVOICE,1.INVOICE_JAN-APR 2026.xls,90,LEMOND FOOD CORP NEW ADDR,CAD,receivable,1285,PEOI009339,17249
W2,INVOICE,1.INVOICE_JAN-APR 2026.xls,92,LEMOND FOOD CORP NEW ADDR,CAD,receivable,1370,PEOI009332,17247
W2,INVOICE,1.INVOICE_JAN-APR 2026.xls,95,LEMOND FOOD CORP NEW ADDR,USD,receivable,80,PEOI009343,17246
W2,INVOICE,1.INVOICE_JAN-APR 2026.xls,97,LEMOND FOOD CORP NEW ADDR,CAD,receivable,870,PEOI009344,17244
W2,INVOICE,1.INVOICE_JAN-APR 2026.xls,98,LEMOND FOOD CORP NEW ADDR,CAD,receivable,870,PEOI009347,17243
W2,INVOICE,1.INVOICE_JAN-APR 2026.xls,101,LEMOND FOOD CORP NEW ADDR,USD,receivable,4700,PEOI009339,17240
W2,INVOICE,1.INVOICE_JAN-APR 2026.xls,102,LEMOND FOOD CORP NEW ADDR,USD,receivable,4950,PEOI009405,17239
I2,INVOICE,1.INVOICE_JAN-APR 2026.xls,105,EXCELSIOR FLOORING,CAD,receivable,253.9,PEOI009403,17236
W2,INVOICE,1.INVOICE_JAN-APR 2026.xls,107,LEMOND FOOD CORP NEW ADDR,CAD,receivable,1965,PEOI009305,17233
W2,INVOICE,1.INVOICE_JAN-APR 2026.xls,109,LEMOND FOOD CORP NEW ADDR,CAD,receivable,1450,PEOI009313,17230
W2,INVOICE,1.INVOICE_JAN-APR 2026.xls,120,LEMOND FOOD CORP NEW ADDR,USD,receivable,4800,PEOI009389,17218
W2,INVOICE,1.INVOICE_JAN-APR 2026.xls,121,LEMOND FOOD CORP NEW ADDR,CAD,receivable,1670,PEOI009316,17217
W2,INVOICE,1.INVOICE_JAN-APR 2026.xls,122,LEMOND FOOD CORP NEW ADDR,CAD,receivable,1370,PEOI009333,17216
W2,INVOICE,1.INVOICE_JAN-APR 2026.xls,123,LEMOND FOOD CORP NEW ADDR,CAD,receivable,1420,PEOI009315,17215
W2,INVOICE,1.INVOICE_JAN-APR 2026.xls,124,LEMOND FOOD CORP NEW ADDR,CAD,receivable,1120,PEOI009314,17214
W2,INVOICE,1.INVOICE_JAN-APR 2026.xls,125,LEMOND FOOD CORP NEW ADDR,CAD,receivable,870,PEOI009310,17213
I2,INVOICE,1.INVOICE_JAN-APR 2026.xls,127,CENTRE LOGISTIQUE,CAD,receivable,562.5,INVEN000111,17253
I2,INVOICE,1.INVOICE_JAN-APR 2026.xls,129,WIG BEAUTY OUTLET,CAD,receivable,94.61,TRU-00374,17209
I2,INVOICE,1.INVOICE_JAN-APR 2026.xls,132,CENTRE LOGISTIQUE,CAD,receivable,653,INVEN000110,17252
W2,INVOICE,1.INVOICE_JAN-APR 2026.xls,133,LEMOND FOOD CORP NEW ADDR,CAD,receivable,955,PEOI009384,17206
W2,INVOICE,1.INVOICE_JAN-APR 2026.xls,134,LEMOND FOOD CORP NEW ADDR,CAD,receivable,955,PEOI009383,17205
W2,INVOICE,1.INVOICE_JAN-APR 2026.xls,135,LEMOND FOOD CORP NEW ADDR,CAD,receivable,955,PEOI009306,17204
W2,INVOICE,1.INVOICE_JAN-APR 2026.xls,136,LEMOND FOOD CORP NEW ADDR,CAD,receivable,870,PEOI009382,17203
W2,INVOICE,1.INVOICE_JAN-APR 2026.xls,137,LEMOND FOOD CORP NEW ADDR,USD,receivable,4850,PEOI009357,17202
W2,INVOICE,1.INVOICE_JAN-APR 2026.xls,139,LEMOND FOOD CORP NEW ADDR,CAD,receivable,1125,PEOI009309,17199
W2,INVOICE,1.INVOICE_JAN-APR 2026.xls,140,LEMOND FOOD CORP NEW ADDR,CAD,receivable,1125,PEOI009335,17198
W2,INVOICE,1.INVOICE_JAN-APR 2026.xls,141,LEMOND FOOD CORP NEW ADDR,CAD,receivable,1325,PEOI009359,17197
W2,INVOICE,1.INVOICE_JAN-APR 2026.xls,142,LEMOND FOOD CORP NEW ADDR,CAD,receivable,1325,PEOI009360,17196
W2,INVOICE,1.INVOICE_JAN-APR 2026.xls,155,LEMOND FOOD CORP NEW ADDR,CAD,receivable,1525,PEOI009311,17176
I2,INVOICE,1.INVOICE_JAN-APR 2026.xls,156,EXCELSIOR FLOORING,CAD,receivable,211.3,PEOI009376,17175
W2,INVOICE,1.INVOICE_JAN-APR 2026.xls,161,LEMOND FOOD CORP NEW ADDR,CAD,receivable,1370,PEOI009304,17172
W2,INVOICE,1.INVOICE_JAN-APR 2026.xls,162,LEMOND FOOD CORP NEW ADDR,CAD,receivable,1445,PEOI009300,17171
W2,INVOICE,1.INVOICE_JAN-APR 2026.xls,163,LEMOND FOOD CORP NEW ADDR,USD,settled,0,PEOI009311,17170
I2,INVOICE,1.INVOICE_JAN-APR 2026.xls,174,CENTRE LOGISTIQUE,CAD,receivable,77.5,INVEN000109,17167
W2,INVOICE,1.INVOICE_JAN-APR 2026.xls,176,LEMOND FOOD CORP NEW ADDR,USD,settled,0,PEOI009300,17165
I2,INVOICE,1.INVOICE_JAN-APR 2026.xls,179,LUNE & BE,CAD,receivable,120,INVEN000081,17162
I2,INVOICE,1.INVOICE_JAN-APR 2026.xls,180,LUNE & BE,CAD,receivable,120,INVEN000098,17161
W2,INVOICE,1.INVOICE_JAN-APR 2026.xls,184,LEMOND FOOD CORP NEW ADDR,CAD,receivable,1120,PEOI009334,17155
W2,INVOICE,1.INVOICE_JAN-APR 2026.xls,186,LEMOND FOOD CORP NEW ADDR,USD,receivable,700,PEOI009317,17153
I2,INVOICE,1.INVOICE_JAN-APR 2026.xls,187,CENTRE LOGISTIQUE,CAD,receivable,666,INVEN000107,17152
W2,INVOICE,1.INVOICE_JAN-APR 2026.xls,193,LEMOND FOOD CORP NEW ADDR,USD,receivable,30,PEOI009359,17145
W2,INVOICE,1.INVOICE_JAN-APR 2026.xls,194,LEMOND FOOD CORP NEW ADDR,USD,receivable,30,PEOI009360,17144
W2,INVOICE,1.INVOICE_JAN-APR 2026.xls,196,LEMOND FOOD CORP NEW ADDR,CAD,receivable,1060,PEOI009312,17142
I2,INVOICE,1.INVOICE_JAN-APR 2026.xls,197,ESBE SCIENTIFIC,CAD,receivable,575.44,PEAI008797,17141
W2,INVOICE,1.INVOICE_JAN-APR 2026.xls,201,LEMOND FOOD CORP NEW ADDR,CAD,receivable,2020,PEOI009317,17139
W2,INVOICE,1.INVOICE_JAN-APR 2026.xls,202,LEMOND FOOD CORP NEW ADDR,CAD,receivable,1935,PEOI009342,17138
W2,INVOICE,1.INVOICE_JAN-APR 2026.xls,203,LEMOND FOOD CORP NEW ADDR,CAD,receivable,1785,PEOI009326,17137
W2,INVOICE,1.INVOICE_JAN-APR 2026.xls,208,LEMOND FOOD CORP NEW ADDR,CAD,receivable,1620,PEOI009239,17132
W2,INVOICE,1.INVOICE_JAN-APR 2026.xls,211,LEMOND FOOD CORP NEW ADDR,CAD,receivable,1125,PEOI009357,17129
W2,INVOICE,1.INVOICE_JAN-APR 2026.xls,215,LEMOND FOOD CORP NEW ADDR,CAD,receivable,2110,PEOI009292,17128
W2,INVOICE,1.INVOICE_JAN-APR 2026.xls,216,LEMOND FOOD CORP NEW ADDR,CAD,receivable,85,PEOI009356,17127
W2,INVOICE,1.INVOICE_JAN-APR 2026.xls,217,LEMOND FOOD CORP NEW ADDR,CAD,receivable,1370,PEOI009303,17126
W2,INVOICE,1.INVOICE_JAN-APR 2026.xls,219,LEMOND FOOD CORP NEW ADDR,CAD,receivable,2235,PEOI009294,17121
W2,INVOICE,1.INVOICE_JAN-APR 2026.xls,220,LEMOND FOOD CORP NEW ADDR,CAD,receivable,990,PEOI009293,17120
W2,INVOICE,1.INVOICE_JAN-APR 2026.xls,221,LEMOND FOOD CORP NEW ADDR,CAD,receivable,910,PEOI009319,17119
W2,INVOICE,1.INVOICE_JAN-APR 2026.xls,226,LEMOND FOOD CORP NEW ADDR,CAD,receivable,730,PEOI009301,17113
W2,INVOICE,1.INVOICE_JAN-APR 2026.xls,234,LEMOND FOOD CORP NEW ADDR,CAD,receivable,1620,PEOI009340,17105
W2,INVOICE,1.INVOICE_JAN-APR 2026.xls,237,LEMOND FOOD CORP NEW ADDR,CAD,receivable,1065,PEOI009318,17098
W2,INVOICE,1.INVOICE_JAN-APR 2026.xls,241,LEMOND FOOD CORP NEW ADDR,USD,receivable,140,PEOI009334,17094
W2,INVOICE,1.INVOICE_JAN-APR 2026.xls,245,LEMOND FOOD CORP NEW ADDR,CAD,receivable,580,PEOI009287,17093
W2,INVOICE,1.INVOICE_JAN-APR 2026.xls,251,LEMOND FOOD CORP NEW ADDR,CAD,settled,0,PEOI009265,17079
W2,INVOICE,1.INVOICE_JAN-APR 2026.xls,260,LEMOND FOOD CORP NEW ADDR,CAD,settled,0,PEOI009267,17076
W2,INVOICE,1.INVOICE_JAN-APR 2026.xls,261,LEMOND FOOD CORP NEW ADDR,CAD,settled,0,PEOI009264,17075
W2,INVOICE,1.INVOICE_JAN-APR 2026.xls,262,GOODLIFE GROUP,CAD,settled,0,PEAI008785,17074
W2,INVOICE,1.INVOICE_JAN-APR 2026.xls,265,GOODLIFE GROUP,USD,settled,0,PEAI008785,17071
W2,INVOICE,1.INVOICE_JAN-APR 2026.xls,266,LEMOND FOOD CORP NEW ADDR,CAD,settled,0,PEOI009268,17070
W2,INVOICE,1.INVOICE_JAN-APR 2026.xls,267,LEMOND FOOD CORP NEW ADDR,CAD,settled,0,PEOI009284,17069
W2,INVOICE,1.INVOICE_JAN-APR 2026.xls,268,LEMOND FOOD CORP NEW ADDR,CAD,settled,0,PEOI009261,17068
W2,INVOICE,1.INVOICE_JAN-APR 2026.xls,270,LEMOND FOOD CORP NEW ADDR,CAD,settled,0,PEOI009262,17066
I2,INVOICE,1.INVOICE_JAN-APR 2026.xls,271,IFLOW HVAC INC,CAD,receivable,8348.08,PEOI009329,17065
W2,INVOICE,1.INVOICE_JAN-APR 2026.xls,273,LEMOND FOOD CORP NEW ADDR,CAD,settled,0,PEOI009274,17058
W2,INVOICE,1.INVOICE_JAN-APR 2026.xls,276,LEMOND FOOD CORP NEW ADDR,CAD,settled,0,PEOI009283,17055
W2,INVOICE,1.INVOICE_JAN-APR 2026.xls,283,LEMOND FOOD CORP NEW ADDR,CAD,settled,0,PEOI009324,17047
W2,INVOICE,1.INVOICE_JAN-APR 2026.xls,285,LEMOND FOOD CORP NEW ADDR,USD,receivable,15,PEOI009292,17045
W2,INVOICE,1.INVOICE_JAN-APR 2026.xls,286,LEMOND FOOD CORP NEW ADDR,USD,receivable,140,PEOI009317,17044
W2,INVOICE,1.INVOICE_JAN-APR 2026.xls,301,LEMOND FOOD CORP NEW ADDR,USD,receivable,4500,PEOI009311,17034
W2,INVOICE,1.INVOICE_JAN-APR 2026.xls,302,LEMOND FOOD CORP NEW ADDR,USD,receivable,15,PEOI009257,17033
I2,INVOICE,1.INVOICE_JAN-APR 2026.xls,308,ALPACA HOUSE CANADA,CAD,receivable,591.79,PEAI008783,17027
W2,INVOICE,1.INVOICE_JAN-APR 2026.xls,309,LEMOND FOOD CORP NEW ADDR,CAD,settled,0,PEOI009238,17026
W2,INVOICE,1.INVOICE_JAN-APR 2026.xls,316,LEMOND FOOD CORP NEW ADDR,CAD,receivable,2020,PEOI009302,17017
W2,INVOICE,1.INVOICE_JAN-APR 2026.xls,317,LEMOND FOOD CORP NEW ADDR,USD,receivable,4500,PEOI009300,17016
W2,INVOICE,1.INVOICE_JAN-APR 2026.xls,331,LEMOND FOOD CORP NEW ADDR,USD,receivable,300,PEOI009255,17008
W2,INVOICE,1.INVOICE_JAN-APR 2026.xls,332,LEMOND FOOD CORP NEW ADDR,CAD,settled,0,PEOI009246,17007
W2,INVOICE,1.INVOICE_JAN-APR 2026.xls,333,LEMOND FOOD CORP NEW ADDR,CAD,settled,0,PEOI009245,17006
W2,INVOICE,1.INVOICE_JAN-APR 2026.xls,334,LEMOND FOOD CORP NEW ADDR,USD,receivable,15,PEOI009163,17005
I1,INVOICE,1.INVOICE_JAN-APR 2026.xls,335,EGONGEGONG CANADA,CAD,receivable,250,PEAI008773,17122
I1,INVOICE,1.INVOICE_JAN-APR 2026.xls,336,AMOREPACIFIC CANADA INC(5,CAD,settled,0,PEAI008782,17100
I1,INVOICE,1.INVOICE_JAN-APR 2026.xls,337,RATELIER,CAD,settled,0,PEOI009281,17004
I1,INVOICE,1.INVOICE_JAN-APR 2026.xls,338,LEMOND FOOD CORP NEW ADDR,CAD,settled,0,PEOI009257,17003
W2,INVOICE,1.INVOICE_JAN-APR 2026.xls,338,LEMOND FOOD CORP NEW ADDR,CAD,settled,0,PEOI009257,17003
I1,INVOICE,1.INVOICE_JAN-APR 2026.xls,339,LEMOND FOOD CORP NEW ADDR,CAD,receivable,955,PEOI009296,17002
I2,INVOICE,1.INVOICE_JAN-APR 2026.xls,339,LEMOND FOOD CORP NEW ADDR,CAD,receivable,955,PEOI009296,17002
W2,INVOICE,1.INVOICE_JAN-APR 2026.xls,339,LEMOND FOOD CORP NEW ADDR,CAD,receivable,955,PEOI009296,17002
I1,INVOICE,1.INVOICE_JAN-APR 2026.xls,340,AMOREPACIFIC CANADA INC(5,CAD,settled,0,PEOI009275,17000
I1,INVOICE,1.INVOICE_JAN-APR 2026.xls,341,TOTAL CUSTOMS SERVICES IN,CAD,settled,0,PEOI009275,16999
I1,INVOICE,1.INVOICE_JAN-APR 2026.xls,342,TOTAL CUSTOMS SERVICES IN,CAD,settled,0,PEOI009275,16998
I1,INVOICE,1.INVOICE_JAN-APR 2026.xls,343,ALL METAL SALES,USD,settled,0,PEOI009295,16997
I1,INVOICE,1.INVOICE_JAN-APR 2026.xls,344,LEMOND FOOD CORP NEW ADDR,USD,receivable,215,PEOI009284,16995
W2,INVOICE,1.INVOICE_JAN-APR 2026.xls,344,LEMOND FOOD CORP NEW ADDR,USD,receivable,215,PEOI009284,16995
I1,INVOICE,1.INVOICE_JAN-APR 2026.xls,345,AMOREPACIFIC CANADA INC(5,CAD,settled,0,PEOI009275,17001
I1,INVOICE,1.INVOICE_JAN-APR 2026.xls,346,LEMOND FOOD CORP NEW ADDR,USD,receivable,15,PEOI009293,16994
W2,INVOICE,1.INVOICE_JAN-APR 2026.xls,346,LEMOND FOOD CORP NEW ADDR,USD,receivable,15,PEOI009293,16994
I1,INVOICE,1.INVOICE_JAN-APR 2026.xls,347,TOTAL CUSTOMS SERVICES IN,CAD,settled,0,PEOI009221,16993
I1,INVOICE,1.INVOICE_JAN-APR 2026.xls,349,AIM HIGH PROJECTS,USD,settled,0,PEOI009223,17022
I1,INVOICE,1.INVOICE_JAN-APR 2026.xls,350,TOTAL CUSTOMS SERVICES IN,CAD,settled,0,PEOI009223,17021
I1,INVOICE,1.INVOICE_JAN-APR 2026.xls,351,TOTAL CUSTOMS SERVICES IN,CAD,settled,0,PEOI009187,17020
I1,INVOICE,1.INVOICE_JAN-APR 2026.xls,352,AIM HIGH PROJECTS,USD,settled,0,PEOI009187,17018
I1,INVOICE,1.INVOICE_JAN-APR 2026.xls,353,ESBE SCIENTIFIC,CAD,settled,0,PEOI009288,16991
I1,INVOICE,1.INVOICE_JAN-APR 2026.xls,354,LEMOND FOOD CORP NEW ADDR,USD,settled,0,PEOI009255,16990
W2,INVOICE,1.INVOICE_JAN-APR 2026.xls,354,LEMOND FOOD CORP NEW ADDR,USD,settled,0,PEOI009255,16990
I1,INVOICE,1.INVOICE_JAN-APR 2026.xls,355,LEMOND FOOD CORP NEW ADDR,CAD,settled,0,PEOI009255,16989
W2,INVOICE,1.INVOICE_JAN-APR 2026.xls,355,LEMOND FOOD CORP NEW ADDR,CAD,settled,0,PEOI009255,16989
I1,INVOICE,1.INVOICE_JAN-APR 2026.xls,356,LEMOND FOOD CORP NEW ADDR,CAD,settled,0,PEOI009217,16988
W2,INVOICE,1.INVOICE_JAN-APR 2026.xls,356,LEMOND FOOD CORP NEW ADDR,CAD,settled,0,PEOI009217,16988
I1,INVOICE,1.INVOICE_JAN-APR 2026.xls,357,LEMOND FOOD CORP NEW ADDR,CAD,settled,0,PEOI009227,16987
W2,INVOICE,1.INVOICE_JAN-APR 2026.xls,357,LEMOND FOOD CORP NEW ADDR,CAD,settled,0,PEOI009227,16987
I1,INVOICE,1.INVOICE_JAN-APR 2026.xls,358,LEMOND FOOD CORP NEW ADDR,CAD,settled,0,PEOI009228,16986
W2,INVOICE,1.INVOICE_JAN-APR 2026.xls,358,LEMOND FOOD CORP NEW ADDR,CAD,settled,0,PEOI009228,16986
I1,INVOICE,1.INVOICE_JAN-APR 2026.xls,359,LEMOND FOOD CORP NEW ADDR,CAD,settled,0,PEOI009218,16985
W2,INVOICE,1.INVOICE_JAN-APR 2026.xls,359,LEMOND FOOD CORP NEW ADDR,CAD,settled,0,PEOI009218,16985
I1,INVOICE,1.INVOICE_JAN-APR 2026.xls,360,LEMOND FOOD CORP NEW ADDR,CAD,settled,0,PEOI009220,16984
W2,INVOICE,1.INVOICE_JAN-APR 2026.xls,360,LEMOND FOOD CORP NEW ADDR,CAD,settled,0,PEOI009220,16984
I1,INVOICE,1.INVOICE_JAN-APR 2026.xls,361,AMOREPACIFIC CANADA INC(5,CAD,settled,0,PEAI008776,16983
I1,INVOICE,1.INVOICE_JAN-APR 2026.xls,363,LEMOND FOOD CORP NEW ADDR,CAD,settled,0,PEOI009251,16980
W2,INVOICE,1.INVOICE_JAN-APR 2026.xls,363,LEMOND FOOD CORP NEW ADDR,CAD,settled,0,PEOI009251,16980
I1,INVOICE,1.INVOICE_JAN-APR 2026.xls,364,R&S MAPLE INVESTMENT,CAD,settled,0,PEOI009280,16979
I1,INVOICE,1.INVOICE_JAN-APR 2026.xls,365,KING BROS,CAD,settled,0,PEOI009263,16978
I1,INVOICE,1.INVOICE_JAN-APR 2026.xls,367,LEMOND FOOD CORP NEW ADDR,CAD,settled,0,PEOI009260,16976
W2,INVOICE,1.INVOICE_JAN-APR 2026.xls,367,LEMOND FOOD CORP NEW ADDR,CAD,settled,0,PEOI009260,16976
I1,INVOICE,1.INVOICE_JAN-APR 2026.xls,368,LEMOND FOOD CORP NEW ADDR,CAD,settled,0,PEOI009231,16975
W2,INVOICE,1.INVOICE_JAN-APR 2026.xls,368,LEMOND FOOD CORP NEW ADDR,CAD,settled,0,PEOI009231,16975
I1,INVOICE,1.INVOICE_JAN-APR 2026.xls,369,TOTAL CUSTOMS SERVICES IN,CAD,settled,0,PEAI008776,16982
I1,INVOICE,1.INVOICE_JAN-APR 2026.xls,370,LEMOND FOOD CORP NEW ADDR,CAD,settled,0,PEOI009249,16973
W2,INVOICE,1.INVOICE_JAN-APR 2026.xls,370,LEMOND FOOD CORP NEW ADDR,CAD,settled,0,PEOI009249,16973
I1,INVOICE,1.INVOICE_JAN-APR 2026.xls,371,LEMOND FOOD CORP NEW ADDR,CAD,settled,0,PEOI009259,16972
W2,INVOICE,1.INVOICE_JAN-APR 2026.xls,371,LEMOND FOOD CORP NEW ADDR,CAD,settled,0,PEOI009259,16972
I1,INVOICE,1.INVOICE_JAN-APR 2026.xls,372,LEMOND FOOD CORP NEW ADDR,CAD,settled,0,PEOI009278,16971
W2,INVOICE,1.INVOICE_JAN-APR 2026.xls,372,LEMOND FOOD CORP NEW ADDR,CAD,settled,0,PEOI009278,16971
I1,INVOICE,1.INVOICE_JAN-APR 2026.xls,373,LEMOND FOOD CORP NEW ADDR,CAD,settled,0,PEOI009235,16970
W2,INVOICE,1.INVOICE_JAN-APR 2026.xls,373,LEMOND FOOD CORP NEW ADDR,CAD,settled,0,PEOI009235,16970
I1,INVOICE,1.INVOICE_JAN-APR 2026.xls,375,LEMOND FOOD CORP NEW ADDR,CAD,settled,0,PEOI009203,16968
W2,INVOICE,1.INVOICE_JAN-APR 2026.xls,375,LEMOND FOOD CORP NEW ADDR,CAD,settled,0,PEOI009203,16968
I1,INVOICE,1.INVOICE_JAN-APR 2026.xls,378,TOTAL CUSTOMS SERVICES IN,CAD,settled,0,PEOI009272,16965
I1,INVOICE,1.INVOICE_JAN-APR 2026.xls,379,EXCELSIOR FLOORING,CAD,settled,0,PEOI009273,16964
I1,INVOICE,1.INVOICE_JAN-APR 2026.xls,381,AMOREPACIFIC CANADA INC(5,CAD,settled,0,PEOI009272,16962
I1,INVOICE,1.INVOICE_JAN-APR 2026.xls,382,TOTAL CUSTOMS SERVICES IN,CAD,settled,0,PEOI009272,16961
I1,INVOICE,1.INVOICE_JAN-APR 2026.xls,383,AMOREPACIFIC CANADA INC(5,CAD,settled,0,PEOI009272,16960
I1,INVOICE,1.INVOICE_JAN-APR 2026.xls,384,TOTAL CUSTOMS SERVICES IN,CAD,settled,0,PEAI008772,16959
I1,INVOICE,1.INVOICE_JAN-APR 2026.xls,385,LEMOND FOOD CORP NEW ADDR,CAD,settled,0,PEOI009155,16958
W2,INVOICE,1.INVOICE_JAN-APR 2026.xls,385,LEMOND FOOD CORP NEW ADDR,CAD,settled,0,PEOI009155,16958
I1,INVOICE,1.INVOICE_JAN-APR 2026.xls,386,TOTAL CUSTOMS SERVICES IN,CAD,settled,0,PEAI008773,16974
I1,INVOICE,1.INVOICE_JAN-APR 2026.xls,387,IFLOW HVAC INC,CAD,settled,0,PEOI009271,16957
I1,INVOICE,1.INVOICE_JAN-APR 2026.xls,388,COLE INTERNATIONAL - ACC,CAD,settled,0,PEAI008774,16955
I1,INVOICE,1.INVOICE_JAN-APR 2026.xls,389,LEMOND FOOD CORP NEW ADDR,CAD,settled,0,PEOI009248,16954
W2,INVOICE,1.INVOICE_JAN-APR 2026.xls,389,LEMOND FOOD CORP NEW ADDR,CAD,settled,0,PEOI009248,16954
I1,INVOICE,1.INVOICE_JAN-APR 2026.xls,390,LEMOND FOOD CORP NEW ADDR,CAD,settled,0,PEOI009225,16953
W2,INVOICE,1.INVOICE_JAN-APR 2026.xls,390,LEMOND FOOD CORP NEW ADDR,CAD,settled,0,PEOI009225,16953
I1,INVOICE,1.INVOICE_JAN-APR 2026.xls,391,POCKETPUMP,CAD,settled,0,,16952
I1,INVOICE,1.INVOICE_JAN-APR 2026.xls,393,LEMOND FOOD CORP NEW ADDR,CAD,settled,0,PEOI009205,16947
W2,INVOICE,1.INVOICE_JAN-APR 2026.xls,393,LEMOND FOOD CORP NEW ADDR,CAD,settled,0,PEOI009205,16947
I1,INVOICE,1.INVOICE_JAN-APR 2026.xls,394,LEMOND FOOD CORP NEW ADDR,USD,receivable,15,PEOI009245,16946
W2,INVOICE,1.INVOICE_JAN-APR 2026.xls,394,LEMOND FOOD CORP NEW ADDR,USD,receivable,15,PEOI009245,16946
I1,INVOICE,1.INVOICE_JAN-APR 2026.xls,395,LEMOND FOOD CORP NEW ADDR,CAD,settled,0,PEOI009206,16945
W2,INVOICE,1.INVOICE_JAN-APR 2026.xls,395,LEMOND FOOD CORP NEW ADDR,CAD,settled,0,PEOI009206,16945
I1,INVOICE,1.INVOICE_JAN-APR 2026.xls,397,VIP TRANSPORT,CAD,settled,0,PEAI008771,16943
I1,INVOICE,1.INVOICE_JAN-APR 2026.xls,399,LEMOND FOOD CORP NEW ADDR,CAD,receivable,250,PEOI009266,16941
W2,INVOICE,1.INVOICE_JAN-APR 2026.xls,399,LEMOND FOOD CORP NEW ADDR,CAD,receivable,250,PEOI009266,16941
I1,INVOICE,1.INVOICE_JAN-APR 2026.xls,401,BEVCO JUICE DISTRIBUTOR I,CAD,settled,0,INVEN000090,16939
I1,INVOICE,1.INVOICE_JAN-APR 2026.xls,402,LEMOND FOOD CORP NEW ADDR,USD,receivable,4450,PEOI009228,16938
W2,INVOICE,1.INVOICE_JAN-APR 2026.xls,402,LEMOND FOOD CORP NEW ADDR,USD,receivable,4450,PEOI009228,16938
I1,INVOICE,1.INVOICE_JAN-APR 2026.xls,403,LEMOND FOOD CORP NEW ADDR,CAD,settled,0,PEOI009211,16937
W2,INVOICE,1.INVOICE_JAN-APR 2026.xls,403,LEMOND FOOD CORP NEW ADDR,CAD,settled,0,PEOI009211,16937
I1,INVOICE,1.INVOICE_JAN-APR 2026.xls,404,LEMOND FOOD CORP NEW ADDR,CAD,settled,0,PEOI009201,16936
W2,INVOICE,1.INVOICE_JAN-APR 2026.xls,404,LEMOND FOOD CORP NEW ADDR,CAD,settled,0,PEOI009201,16936
I1,INVOICE,1.INVOICE_JAN-APR 2026.xls,405,LEMOND FOOD CORP NEW ADDR,CAD,settled,0,PEOI009202,16935
W2,INVOICE,1.INVOICE_JAN-APR 2026.xls,405,LEMOND FOOD CORP NEW ADDR,CAD,settled,0,PEOI009202,16935
I1,INVOICE,1.INVOICE_JAN-APR 2026.xls,406,LEMOND FOOD CORP NEW ADDR,USD,receivable,4600,PEOI009205,16934
W2,INVOICE,1.INVOICE_JAN-APR 2026.xls,406,LEMOND FOOD CORP NEW ADDR,USD,receivable,4600,PEOI009205,16934
I1,INVOICE,1.INVOICE_JAN-APR 2026.xls,407,HQN INDUSTRIAL FABRICS,CAD,settled,0,PEOI009258,16933
I1,INVOICE,1.INVOICE_JAN-APR 2026.xls,408,INNOVATIVE LAMINATION,CAD,settled,0,PEAI008769,16932
I1,INVOICE,1.INVOICE_JAN-APR 2026.xls,409,AMOREPACIFIC CANADA INC(5,CAD,settled,0,PEOI009252,16951
I1,INVOICE,1.INVOICE_JAN-APR 2026.xls,410,AMOREPACIFIC CANADA INC(5,CAD,settled,0,PEOI009252,16950
I1,INVOICE,1.INVOICE_JAN-APR 2026.xls,411,TOTAL CUSTOMS SERVICES IN,CAD,settled,0,PEOI009252,16949
I1,INVOICE,1.INVOICE_JAN-APR 2026.xls,412,TOTAL CUSTOMS SERVICES IN,CAD,settled,0,PEOI009252,16948
I1,INVOICE,1.INVOICE_JAN-APR 2026.xls,414,LUNE & BE,CAD,settled,0,INVEN000098,16930
I1,INVOICE,1.INVOICE_JAN-APR 2026.xls,415,LUNE & BE,CAD,settled,0,INVEN000081,16929
I1,INVOICE,1.INVOICE_JAN-APR 2026.xls,416,NSI DISTRIBUTION,CAD,settled,0,PEAI008768,16928
I1,INVOICE,1.INVOICE_JAN-APR 2026.xls,417,LEMOND FOOD CORP NEW ADDR,CAD,settled,0,PEOI009212,16927
W2,INVOICE,1.INVOICE_JAN-APR 2026.xls,417,LEMOND FOOD CORP NEW ADDR,CAD,settled,0,PEOI009212,16927
I1,INVOICE,1.INVOICE_JAN-APR 2026.xls,418,LEMOND FOOD CORP NEW ADDR,CAD,settled,0,PEOI009226,16926
W2,INVOICE,1.INVOICE_JAN-APR 2026.xls,418,LEMOND FOOD CORP NEW ADDR,CAD,settled,0,PEOI009226,16926
I1,INVOICE,1.INVOICE_JAN-APR 2026.xls,419,THE WJ CANADA INC (WJ CA,CAD,settled,0,INVEN000041,16925
I1,INVOICE,1.INVOICE_JAN-APR 2026.xls,420,CLEARFREIGHT CANADA,CAD,settled,0,INVEN000037,16924
I1,INVOICE,1.INVOICE_JAN-APR 2026.xls,421,LEMOND FOOD CORP NEW ADDR,CAD,settled,0,PEOI009188,16923
W2,INVOICE,1.INVOICE_JAN-APR 2026.xls,421,LEMOND FOOD CORP NEW ADDR,CAD,settled,0,PEOI009188,16923
I1,INVOICE,1.INVOICE_JAN-APR 2026.xls,422,LEMOND FOOD CORP NEW ADDR,CAD,settled,0,PEOI009139,16922
W2,INVOICE,1.INVOICE_JAN-APR 2026.xls,422,LEMOND FOOD CORP NEW ADDR,CAD,settled,0,PEOI009139,16922
I1,INVOICE,1.INVOICE_JAN-APR 2026.xls,423,EXCELSIOR FLOORING,CAD,settled,0,PEOI009254,16921
I1,INVOICE,1.INVOICE_JAN-APR 2026.xls,424,LEMOND FOOD CORP NEW ADDR,CAD,settled,0,PEOI009209,16920
W2,INVOICE,1.INVOICE_JAN-APR 2026.xls,424,LEMOND FOOD CORP NEW ADDR,CAD,settled,0,PEOI009209,16920
I1,INVOICE,1.INVOICE_JAN-APR 2026.xls,426,CENTRE LOGISTIQUE,CAD,settled,0,INVEN000097,16918
I1,INVOICE,1.INVOICE_JAN-APR 2026.xls,427,CENTRE LOGISTIQUE,CAD,settled,0,INVEN000096,16917
I1,INVOICE,1.INVOICE_JAN-APR 2026.xls,428,CENTRE LOGISTIQUE,CAD,settled,0,INVEN000095,16916
I1,INVOICE,1.INVOICE_JAN-APR 2026.xls,430,BEVCO JUICE DISTRIBUTOR I,CAD,settled,0,INVEN000090,16914
I1,INVOICE,1.INVOICE_JAN-APR 2026.xls,431,BEVCO JUICE DISTRIBUTOR I,CAD,settled,0,INVEN000090,16913
I1,INVOICE,1.INVOICE_JAN-APR 2026.xls,432,LEMOND FOOD CORP NEW ADDR,USD,settled,0,PEOI009251,16908
W2,INVOICE,1.INVOICE_JAN-APR 2026.xls,432,LEMOND FOOD CORP NEW ADDR,USD,settled,0,PEOI009251,16908
I1,INVOICE,1.INVOICE_JAN-APR 2026.xls,433,GREEN FIELD PRODUCE,CAD,settled,0,PEOI009250,16907
I1,INVOICE,1.INVOICE_JAN-APR 2026.xls,435,LEMOND FOOD CORP NEW ADDR,USD,settled,0,PEOI009227,16905
W2,INVOICE,1.INVOICE_JAN-APR 2026.xls,435,LEMOND FOOD CORP NEW ADDR,USD,settled,0,PEOI009227,16905
I1,INVOICE,1.INVOICE_JAN-APR 2026.xls,436,LEMOND FOOD CORP NEW ADDR,USD,settled,0,PEOI009203,16902
W2,INVOICE,1.INVOICE_JAN-APR 2026.xls,436,LEMOND FOOD CORP NEW ADDR,USD,settled,0,PEOI009203,16902
I1,INVOICE,1.INVOICE_JAN-APR 2026.xls,437,LEMOND FOOD CORP NEW ADDR,CAD,settled,0,PEOI009247,16901
W2,INVOICE,1.INVOICE_JAN-APR 2026.xls,437,LEMOND FOOD CORP NEW ADDR,CAD,settled,0,PEOI009247,16901
I1,INVOICE,1.INVOICE_JAN-APR 2026.xls,438,LEMOND FOOD CORP NEW ADDR,USD,settled,0,PEOI009155,16900
W2,INVOICE,1.INVOICE_JAN-APR 2026.xls,438,LEMOND FOOD CORP NEW ADDR,USD,settled,0,PEOI009155,16900
I1,INVOICE,1.INVOICE_JAN-APR 2026.xls,440,AMOREPACIFIC CANADA INC(5,CAD,settled,0,PEOI009234,16912
I1,INVOICE,1.INVOICE_JAN-APR 2026.xls,441,TOTAL CUSTOMS SERVICES IN,CAD,settled,0,PEOI009234,16911
I1,INVOICE,1.INVOICE_JAN-APR 2026.xls,442,CENTRE LOGISTIQUE,CAD,settled,0,INVEN000094,16822
I2,CRDR,2.CRDR_JAN-APR 2026.xls,5,SKYMASTER EXPRESS,USD,receivable,482.81,PEAI008825,14104
W2,CRDR,2.CRDR_JAN-APR 2026.xls,5,SKYMASTER EXPRESS,USD,receivable,482.81,PEAI008825,14104
W2,CRDR,2.CRDR_JAN-APR 2026.xls,7,SKYMASTER EXPRESS,USD,receivable,4919.2,PEOX006859,14102
I2,CRDR,2.CRDR_JAN-APR 2026.xls,14,KIMEX AIR & SEA,USD,receivable,465,PEOI009380,14095
I2,CRDR,2.CRDR_JAN-APR 2026.xls,15,SKYMASTER EXPRESS,USD,receivable,3859.68,PEAE008996,14094
W2,CRDR,2.CRDR_JAN-APR 2026.xls,15,SKYMASTER EXPRESS,USD,receivable,3859.68,PEAE008996,14094
I2,CRDR,2.CRDR_JAN-APR 2026.xls,16,PNL GLOBAL LOGISTICS,USD,payable,-3261.23,PEAE008996,14093
W2,CRDR,2.CRDR_JAN-APR 2026.xls,17,SKYMASTER EXPRESS,CAD,receivable,1260,PEAE009012,14092
W2,CRDR,2.CRDR_JAN-APR 2026.xls,18,SKYMASTER EXPRESS,CAD,receivable,1784,PEAE009012,14091
W2,CRDR,2.CRDR_JAN-APR 2026.xls,19,SKYMASTER EXPRESS,CAD,receivable,281.4,PEAE009012,14090
I2,CRDR,2.CRDR_JAN-APR 2026.xls,20,SEA AND AIR FREIGHT INTL,USD,receivable,1825.12,PEAI008820,14089
I2,CRDR,2.CRDR_JAN-APR 2026.xls,21,HANJIN TRANSPORTATION CO,USD,receivable,463.9,PEAI008824,14088
I2,CRDR,2.CRDR_JAN-APR 2026.xls,23,ORIENT SHIPPING,USD,receivable,1013.75,PEOI009388,14086
W2,CRDR,2.CRDR_JAN-APR 2026.xls,24,SKYMASTER EXPRESS,USD,receivable,715,PEOX006870,14084
I2,CRDR,2.CRDR_JAN-APR 2026.xls,25,JEONGHWA SHIPPING,CAD,receivable,1013.5,PEAE009011,14083
I2,CRDR,2.CRDR_JAN-APR 2026.xls,26,PWGROUP,USD,receivable,4022.91,PEOI009433,14085
I2,CRDR,2.CRDR_JAN-APR 2026.xls,27,JEONGHWA SHIPPING,CAD,receivable,1407.6,PEAE009005,14082
I2,CRDR,2.CRDR_JAN-APR 2026.xls,28,JEONGHWA SHIPPING,CAD,receivable,499,PEAE009008,14081
I2,CRDR,2.CRDR_JAN-APR 2026.xls,29,SKYMASTER EXPRESS,CAD,receivable,692,PEAE009007,14080
W2,CRDR,2.CRDR_JAN-APR 2026.xls,29,SKYMASTER EXPRESS,CAD,receivable,692,PEAE009007,14080
I2,CRDR,2.CRDR_JAN-APR 2026.xls,30,SKYMASTER EXPRESS,CAD,receivable,347,PEAE009007,14079
W2,CRDR,2.CRDR_JAN-APR 2026.xls,30,SKYMASTER EXPRESS,CAD,receivable,347,PEAE009007,14079
I2,CRDR,2.CRDR_JAN-APR 2026.xls,31,SKYMASTER EXPRESS,CAD,receivable,3580,PEAE009007,14078
W2,CRDR,2.CRDR_JAN-APR 2026.xls,31,SKYMASTER EXPRESS,CAD,receivable,3580,PEAE009007,14078
I2,CRDR,2.CRDR_JAN-APR 2026.xls,32,UNICO LOGISTICS,CAD,receivable,10261.8,PEAE009007,14077
I2,CRDR,2.CRDR_JAN-APR 2026.xls,33,RAMSES LOGISTICS,USD,receivable,70,PEOI009452,14076
I2,CRDR,2.CRDR_JAN-APR 2026.xls,34,PWGROUP,USD,receivable,1688.95,PEAI008823,14075
I2,CRDR,2.CRDR_JAN-APR 2026.xls,35,SKYMASTER EXPRESS,CAD,receivable,338.8,PEAE009006,14074
W2,CRDR,2.CRDR_JAN-APR 2026.xls,35,SKYMASTER EXPRESS,CAD,receivable,338.8,PEAE009006,14074
I2,CRDR,2.CRDR_JAN-APR 2026.xls,36,SKYMASTER EXPRESS,CAD,receivable,1252,PEAE009006,14073
W2,CRDR,2.CRDR_JAN-APR 2026.xls,36,SKYMASTER EXPRESS,CAD,receivable,1252,PEAE009006,14073
I2,CRDR,2.CRDR_JAN-APR 2026.xls,37,SKYMASTER EXPRESS,CAD,receivable,696,PEAE009006,14072
W2,CRDR,2.CRDR_JAN-APR 2026.xls,37,SKYMASTER EXPRESS,CAD,receivable,696,PEAE009006,14072
I2,CRDR,2.CRDR_JAN-APR 2026.xls,38,SKYMASTER EXPRESS,CAD,receivable,1552,PEAE009006,14071
W2,CRDR,2.CRDR_JAN-APR 2026.xls,38,SKYMASTER EXPRESS,CAD,receivable,1552,PEAE009006,14071
I2,CRDR,2.CRDR_JAN-APR 2026.xls,41,EUNSAN SHIPPING & AIRCARG,USD,receivable,576.7,PEAE009004,14066
I2,CRDR,2.CRDR_JAN-APR 2026.xls,42,EUNSAN SHIPPING & AIRCARG,USD,receivable,955.85,PEAE009001,14065
I2,CRDR,2.CRDR_JAN-APR 2026.xls,43,HANAHAN LOGISTICS,CAD,receivable,622.45,PEAE009004,14064
I2,CRDR,2.CRDR_JAN-APR 2026.xls,44,SKYMASTER EXPRESS,CAD,receivable,64.1,PEAE009004,14063
W2,CRDR,2.CRDR_JAN-APR 2026.xls,44,SKYMASTER EXPRESS,CAD,receivable,64.1,PEAE009004,14063
I2,CRDR,2.CRDR_JAN-APR 2026.xls,45,CARGOWAY EXPRESS,CAD,receivable,1327.82,PEAE009002,14062
I2,CRDR,2.CRDR_JAN-APR 2026.xls,46,HANJIN TRANSPORTATION CO,USD,receivable,453.4,PEAI008822,14061
I2,CRDR,2.CRDR_JAN-APR 2026.xls,47,JEONGHWA SHIPPING,CAD,receivable,434.5,PEAE009000,14060
I2,CRDR,2.CRDR_JAN-APR 2026.xls,48,CLOUD GLS,USD,receivable,3000.72,PEAE008998,14059
I2,CRDR,2.CRDR_JAN-APR 2026.xls,49,JEONGHWA SHIPPING,CAD,receivable,298,PEAE008999,14057
I2,CRDR,2.CRDR_JAN-APR 2026.xls,50,CLOUD GLS,USD,payable,-3920,PEOI009375,14056
I2,CRDR,2.CRDR_JAN-APR 2026.xls,51,JNLLOGIS,CAD,payable,-1509.39,PEOI009418,14054
I2,CRDR,2.CRDR_JAN-APR 2026.xls,52,SPEEDLINE SYSTEMS,USD,receivable,585,PEOI009431,14053
I2,CRDR,2.CRDR_JAN-APR 2026.xls,53,SKYMASTER EXPRESS,CAD,receivable,988,PEAE008997,14052
W2,CRDR,2.CRDR_JAN-APR 2026.xls,53,SKYMASTER EXPRESS,CAD,receivable,988,PEAE008997,14052
I2,CRDR,2.CRDR_JAN-APR 2026.xls,54,SKYMASTER EXPRESS,USD,receivable,21911.59,PEAE008996,14051
W2,CRDR,2.CRDR_JAN-APR 2026.xls,54,SKYMASTER EXPRESS,USD,receivable,21911.59,PEAE008996,14051
I2,CRDR,2.CRDR_JAN-APR 2026.xls,55,DAWON SEA & AIR,USD,receivable,3370.99,PEAI008821,14050
I2,CRDR,2.CRDR_JAN-APR 2026.xls,56,GLOTECH CORPORATION,USD,receivable,800,PEOI009358,14049
I2,CRDR,2.CRDR_JAN-APR 2026.xls,58,LEE GLOBAL LOGISTICS GMBH,USD,payable,-1048.5,PEAI008821,14067
I2,CRDR,2.CRDR_JAN-APR 2026.xls,59,JUNGJIN LOGIS,USD,receivable,450,PEOI009391,14047
I2,CRDR,2.CRDR_JAN-APR 2026.xls,60,RAMSES LOGISTICS,USD,receivable,70,PEOI009422,14046
I2,CRDR,2.CRDR_JAN-APR 2026.xls,61,RAMSES LOGISTICS,USD,receivable,70,PEOI009421,14045
I2,CRDR,2.CRDR_JAN-APR 2026.xls,62,RAMSES LOGISTICS,USD,receivable,70,PEOI009420,14044
I2,CRDR,2.CRDR_JAN-APR 2026.xls,63,ALL CARE LOGIX,USD,receivable,1024.16,PEAE008993,14043
I2,CRDR,2.CRDR_JAN-APR 2026.xls,64,UNICO LOGISTICS,CAD,receivable,3834.6,PEAE008993,14042
I2,CRDR,2.CRDR_JAN-APR 2026.xls,65,SKYMASTER EXPRESS,CAD,receivable,541.6,PEAE008994,14041
W2,CRDR,2.CRDR_JAN-APR 2026.xls,65,SKYMASTER EXPRESS,CAD,receivable,541.6,PEAE008994,14041
I2,CRDR,2.CRDR_JAN-APR 2026.xls,67,SKYMASTER EXPRESS,USD,receivable,477,PEAI008817,14039
W2,CRDR,2.CRDR_JAN-APR 2026.xls,67,SKYMASTER EXPRESS,USD,receivable,477,PEAI008817,14039
I2,CRDR,2.CRDR_JAN-APR 2026.xls,68,SKYMASTER EXPRESS,USD,receivable,477,PEAI008818,14038
W2,CRDR,2.CRDR_JAN-APR 2026.xls,68,SKYMASTER EXPRESS,USD,receivable,477,PEAI008818,14038
I2,CRDR,2.CRDR_JAN-APR 2026.xls,69,INTERNATIONAL BUSINESS FR,USD,receivable,858.85,PEAE008995,14037
I2,CRDR,2.CRDR_JAN-APR 2026.xls,70,GLOMC AIR &SEA,USD,receivable,6745,PEOX006863,14036
I2,CRDR,2.CRDR_JAN-APR 2026.xls,71,EAST AIR EXPRESS,CAD,receivable,737,PEAI008811,14035
I2,CRDR,2.CRDR_JAN-APR 2026.xls,72,RAMSES LOGISTICS,USD,receivable,70,PEOI009417,14034
I2,CRDR,2.CRDR_JAN-APR 2026.xls,73,RAMSES LOGISTICS,USD,receivable,70,PEOI009416,14033
I2,CRDR,2.CRDR_JAN-APR 2026.xls,74,HANARO TNS,USD,receivable,878.94,PEAE008992,14032
I2,CRDR,2.CRDR_JAN-APR 2026.xls,75,JET SOCIETY CORPORATION -,USD,receivable,380.5,PEAE008989,14031
I2,CRDR,2.CRDR_JAN-APR 2026.xls,76,SKYMASTER EXPRESS,CAD,receivable,2368,PEAE008989,14030
W2,CRDR,2.CRDR_JAN-APR 2026.xls,76,SKYMASTER EXPRESS,CAD,receivable,2368,PEAE008989,14030
I2,CRDR,2.CRDR_JAN-APR 2026.xls,77,RAMSES LOGISTICS,USD,receivable,70,PEOI009414,14029
I2,CRDR,2.CRDR_JAN-APR 2026.xls,79,RAMSES LOGISTICS,USD,receivable,70,PEOI009412,14027
I2,CRDR,2.CRDR_JAN-APR 2026.xls,80,RAMSES LOGISTICS,USD,receivable,70,PEOI009411,14026
I2,CRDR,2.CRDR_JAN-APR 2026.xls,81,RAMSES LOGISTICS,USD,receivable,70,PEOI009410,14025
I2,CRDR,2.CRDR_JAN-APR 2026.xls,83,WOOSUNG FREIGHT,CAD,receivable,712.63,PEAI008810,14023
I2,CRDR,2.CRDR_JAN-APR 2026.xls,84,RAMSES LOGISTICS,USD,receivable,70,PEOI009408,14022
I2,CRDR,2.CRDR_JAN-APR 2026.xls,85,RAMSES LOGISTICS,USD,receivable,70,PEOI009407,14021
I2,CRDR,2.CRDR_JAN-APR 2026.xls,86,RAMSES LOGISTICS,USD,receivable,70,PEOI009406,14020
I2,CRDR,2.CRDR_JAN-APR 2026.xls,87,SKYMASTER EXPRESS,USD,receivable,575,PEOX006854,14019
W2,CRDR,2.CRDR_JAN-APR 2026.xls,87,SKYMASTER EXPRESS,USD,receivable,575,PEOX006854,14019
I2,CRDR,2.CRDR_JAN-APR 2026.xls,88,BETTER SHIPPING,USD,receivable,933.8,PEOX006853,14018
I2,CRDR,2.CRDR_JAN-APR 2026.xls,89,SKYMASTER EXPRESS,CAD,receivable,357.36,PEAE008991,14017
W2,CRDR,2.CRDR_JAN-APR 2026.xls,89,SKYMASTER EXPRESS,CAD,receivable,357.36,PEAE008991,14017
I2,CRDR,2.CRDR_JAN-APR 2026.xls,90,SKYMASTER EXPRESS,CAD,receivable,3034.14,PEAE008991,14016
W2,CRDR,2.CRDR_JAN-APR 2026.xls,90,SKYMASTER EXPRESS,CAD,receivable,3034.14,PEAE008991,14016
I2,CRDR,2.CRDR_JAN-APR 2026.xls,91,SKYMASTER EXPRESS,CAD,receivable,68.26,PEAE008991,14015
W2,CRDR,2.CRDR_JAN-APR 2026.xls,91,SKYMASTER EXPRESS,CAD,receivable,68.26,PEAE008991,14015
I2,CRDR,2.CRDR_JAN-APR 2026.xls,92,YOUNG CHEON LOGISTICS CO,USD,payable,-4415,PEOI009405,14014
I2,CRDR,2.CRDR_JAN-APR 2026.xls,93,PWGROUP,USD,receivable,4123.72,PEAI008803,14013
I2,CRDR,2.CRDR_JAN-APR 2026.xls,94,BETTER SHIPPING,USD,receivable,830,PEOI009362,14012
I2,CRDR,2.CRDR_JAN-APR 2026.xls,95,RAMSES LOGISTICS,USD,receivable,70,PEOI009402,14011
I2,CRDR,2.CRDR_JAN-APR 2026.xls,96,RAMSES LOGISTICS,USD,receivable,70,PEOI009401,14010
I2,CRDR,2.CRDR_JAN-APR 2026.xls,97,SKYMASTER EXPRESS,CAD,receivable,13917.38,PEAE008987,14007
W2,CRDR,2.CRDR_JAN-APR 2026.xls,97,SKYMASTER EXPRESS,CAD,receivable,13917.38,PEAE008987,14007
I2,CRDR,2.CRDR_JAN-APR 2026.xls,98,SKYMASTER EXPRESS,CAD,receivable,1232.73,PEAE008988,14006
W2,CRDR,2.CRDR_JAN-APR 2026.xls,98,SKYMASTER EXPRESS,CAD,receivable,1232.73,PEAE008988,14006
I2,CRDR,2.CRDR_JAN-APR 2026.xls,99,JEONGHWA SHIPPING,CAD,receivable,937.6,PEAE008990,14005
I2,CRDR,2.CRDR_JAN-APR 2026.xls,100,SKYMASTER EXPRESS,CAD,receivable,1061.6,PEAE008979,14004
W2,CRDR,2.CRDR_JAN-APR 2026.xls,100,SKYMASTER EXPRESS,CAD,receivable,1061.6,PEAE008979,14004
I2,CRDR,2.CRDR_JAN-APR 2026.xls,101,SKYMASTER EXPRESS,CAD,receivable,355,PEAE008979,14003
W2,CRDR,2.CRDR_JAN-APR 2026.xls,101,SKYMASTER EXPRESS,CAD,receivable,355,PEAE008979,14003
I2,CRDR,2.CRDR_JAN-APR 2026.xls,103,RAMSES LOGISTICS,USD,receivable,70,PEOI009398,14001
I2,CRDR,2.CRDR_JAN-APR 2026.xls,104,RAMSES LOGISTICS,USD,receivable,70,PEOI009397,14000
I2,CRDR,2.CRDR_JAN-APR 2026.xls,105,RAMSES LOGISTICS,USD,receivable,195.55,PEOI009346,13999
I2,CRDR,2.CRDR_JAN-APR 2026.xls,106,SKYMASTER EXPRESS,CAD,receivable,2198.95,PEAE008982,13997
W2,CRDR,2.CRDR_JAN-APR 2026.xls,106,SKYMASTER EXPRESS,CAD,receivable,2198.95,PEAE008982,13997
I2,CRDR,2.CRDR_JAN-APR 2026.xls,107,SKYMASTER EXPRESS,CAD,receivable,2850,PEAE008982,13995
W2,CRDR,2.CRDR_JAN-APR 2026.xls,107,SKYMASTER EXPRESS,CAD,receivable,2850,PEAE008982,13995
I2,CRDR,2.CRDR_JAN-APR 2026.xls,108,SKYMASTER EXPRESS,CAD,receivable,522.35,PEAE008983,13988
W2,CRDR,2.CRDR_JAN-APR 2026.xls,108,SKYMASTER EXPRESS,CAD,receivable,522.35,PEAE008983,13988
I2,CRDR,2.CRDR_JAN-APR 2026.xls,111,RAMSES LOGISTICS,USD,receivable,70,PEOI009390,13996
I2,CRDR,2.CRDR_JAN-APR 2026.xls,112,YOUNG CHEON LOGISTICS CO,USD,payable,-4265,PEOI009389,13994
I2,CRDR,2.CRDR_JAN-APR 2026.xls,113,B&T GLS,USD,receivable,2781.72,PEAE008982,13993
I2,CRDR,2.CRDR_JAN-APR 2026.xls,114,INTERNATIONAL BUSINESS FR,USD,receivable,2930,PEAE008986,13992
I2,CRDR,2.CRDR_JAN-APR 2026.xls,115,JET SOCIETY CORPORATION -,USD,receivable,1591.64,PEAE008982,13991
I2,CRDR,2.CRDR_JAN-APR 2026.xls,116,SKYMASTER EXPRESS,USD,receivable,477,PEAI008812,14008
W2,CRDR,2.CRDR_JAN-APR 2026.xls,116,SKYMASTER EXPRESS,USD,receivable,477,PEAI008812,14008
I2,CRDR,2.CRDR_JAN-APR 2026.xls,117,HANJIN TRANSPORTATION CO,USD,receivable,600.71,PEAI008813,13990
I2,CRDR,2.CRDR_JAN-APR 2026.xls,118,THE H LOGISTICS,USD,receivable,35,PEOI009385,13989
I2,CRDR,2.CRDR_JAN-APR 2026.xls,119,HANJIN TRANSPORTATION CO,USD,receivable,215,PEOI009378,13987
I2,CRDR,2.CRDR_JAN-APR 2026.xls,120,SINO LOGISTICS,USD,receivable,35,PEOI009384,13986
I2,CRDR,2.CRDR_JAN-APR 2026.xls,121,SINO LOGISTICS,USD,receivable,35,PEOI009383,13985
I2,CRDR,2.CRDR_JAN-APR 2026.xls,122,RAMSES LOGISTICS,USD,receivable,70,PEOI009382,13984
I2,CRDR,2.CRDR_JAN-APR 2026.xls,123,RAMSES LOGISTICS,USD,receivable,70,PEOI009381,13983
I2,CRDR,2.CRDR_JAN-APR 2026.xls,124,GLOMC AIR &SEA,USD,receivable,6625,PEOX006858,13982
I2,CRDR,2.CRDR_JAN-APR 2026.xls,125,PROLINE SEA & AIR,USD,receivable,896,PEAI008804,13981
I2,CRDR,2.CRDR_JAN-APR 2026.xls,126,HANJIN TRANSPORTATION CO,USD,receivable,3650,PEOX006860,13944
I2,CRDR,2.CRDR_JAN-APR 2026.xls,127,ROYAL GLS,USD,receivable,549.7,PEAI008807,13980
I2,CRDR,2.CRDR_JAN-APR 2026.xls,128,SKYMASTER EXPRESS,USD,receivable,562.16,PEAI008802,13979
W2,CRDR,2.CRDR_JAN-APR 2026.xls,128,SKYMASTER EXPRESS,USD,receivable,562.16,PEAI008802,13979
I2,CRDR,2.CRDR_JAN-APR 2026.xls,129,SKYMASTER EXPRESS,CAD,receivable,1147.5,PEAE008978,13978
W2,CRDR,2.CRDR_JAN-APR 2026.xls,129,SKYMASTER EXPRESS,CAD,receivable,1147.5,PEAE008978,13978
I2,CRDR,2.CRDR_JAN-APR 2026.xls,130,SKYMASTER EXPRESS,CAD,receivable,1717.5,PEAE008978,13977
W2,CRDR,2.CRDR_JAN-APR 2026.xls,130,SKYMASTER EXPRESS,CAD,receivable,1717.5,PEAE008978,13977
I2,CRDR,2.CRDR_JAN-APR 2026.xls,133,TRUST AND BEST,USD,payable,-1353.06,PEOI009442,14068
I2,CRDR,2.CRDR_JAN-APR 2026.xls,134,OEC FREIGHT CO L,USD,payable,-4600,PEOI009404,14058
I2,CRDR,2.CRDR_JAN-APR 2026.xls,135,PROLINE SEA & AIR,USD,receivable,1450,PEOI009377,13974
I2,CRDR,2.CRDR_JAN-APR 2026.xls,136,SEA AND AIR FREIGHT INTL,USD,receivable,616.06,PEAI008805,13973
I2,CRDR,2.CRDR_JAN-APR 2026.xls,138,SKYMASTER EXPRESS,CAD,receivable,329.5,PEAE008976,13971
W2,CRDR,2.CRDR_JAN-APR 2026.xls,138,SKYMASTER EXPRESS,CAD,receivable,329.5,PEAE008976,13971
I2,CRDR,2.CRDR_JAN-APR 2026.xls,140,RAMSES LOGISTICS,USD,receivable,70,PEOI009373,13969
I2,CRDR,2.CRDR_JAN-APR 2026.xls,141,RAMSES LOGISTICS,USD,receivable,70,PEOI009372,13968
I2,CRDR,2.CRDR_JAN-APR 2026.xls,142,RAMSES LOGISTICS,USD,receivable,70,PEOI009371,13967
I2,CRDR,2.CRDR_JAN-APR 2026.xls,143,SKYMASTER EXPRESS,CAD,receivable,1972.5,PEAE008972,13966
W2,CRDR,2.CRDR_JAN-APR 2026.xls,143,SKYMASTER EXPRESS,CAD,receivable,1972.5,PEAE008972,13966
I2,CRDR,2.CRDR_JAN-APR 2026.xls,144,SKYMASTER EXPRESS,CAD,receivable,333.35,PEAE008972,13965
W2,CRDR,2.CRDR_JAN-APR 2026.xls,144,SKYMASTER EXPRESS,CAD,receivable,333.35,PEAE008972,13965
I2,CRDR,2.CRDR_JAN-APR 2026.xls,145,HANARO TNS CO LTD (SEOU,USD,receivable,401.2,PEAE008972,13964
I2,CRDR,2.CRDR_JAN-APR 2026.xls,147,JET SOCIETY CORPORATION -,USD,receivable,759.29,PEAE008972,13962
I2,CRDR,2.CRDR_JAN-APR 2026.xls,148,THE H LOGISTICS,USD,receivable,35,PEOI009370,13961
I2,CRDR,2.CRDR_JAN-APR 2026.xls,149,GLOMC AIR &SEA,USD,receivable,3464.96,PEAE008970,13960
I2,CRDR,2.CRDR_JAN-APR 2026.xls,152,SKYMASTER EXPRESS,USD,receivable,11722.96,PEAE008963,13957
W2,CRDR,2.CRDR_JAN-APR 2026.xls,152,SKYMASTER EXPRESS,USD,receivable,11722.96,PEAE008963,13957
I2,CRDR,2.CRDR_JAN-APR 2026.xls,154,ATZ KOREA COLTD - INT,USD,payable,-83.73,PEOI009353,13955
I2,CRDR,2.CRDR_JAN-APR 2026.xls,156,PWGROUP,USD,receivable,1465.65,PEAI008799,13953
I2,CRDR,2.CRDR_JAN-APR 2026.xls,157,B&T GLS,USD,receivable,1208.13,PEAE008973,13952
I2,CRDR,2.CRDR_JAN-APR 2026.xls,158,SKYMASTER EXPRESS,CAD,receivable,117.75,PEAE008973,13951
W2,CRDR,2.CRDR_JAN-APR 2026.xls,158,SKYMASTER EXPRESS,CAD,receivable,117.75,PEAE008973,13951
I2,CRDR,2.CRDR_JAN-APR 2026.xls,159,SKYMASTER EXPRESS,CAD,receivable,3382.5,PEAE008973,13950
W2,CRDR,2.CRDR_JAN-APR 2026.xls,159,SKYMASTER EXPRESS,CAD,receivable,3382.5,PEAE008973,13950
I2,CRDR,2.CRDR_JAN-APR 2026.xls,160,SKYMASTER EXPRESS,CAD,receivable,355,PEAE008974,13949
W2,CRDR,2.CRDR_JAN-APR 2026.xls,160,SKYMASTER EXPRESS,CAD,receivable,355,PEAE008974,13949
I2,CRDR,2.CRDR_JAN-APR 2026.xls,162,BETTER SHIPPING,USD,receivable,1387.45,PEAE008971,13947
I2,CRDR,2.CRDR_JAN-APR 2026.xls,163,THE H LOGISTICS,USD,receivable,35,PEOI009363,13946
I2,CRDR,2.CRDR_JAN-APR 2026.xls,164,WOOSUNG FREIGHT,CAD,receivable,521,PEAE008968,13945
I2,CRDR,2.CRDR_JAN-APR 2026.xls,166,SKYMASTER EXPRESS,CAD,receivable,16818.7,PEAE008969,13942
W2,CRDR,2.CRDR_JAN-APR 2026.xls,166,SKYMASTER EXPRESS,CAD,receivable,16818.7,PEAE008969,13942
I2,CRDR,2.CRDR_JAN-APR 2026.xls,167,JET SOCIETY CORPORATION -,USD,receivable,559.75,PEAE008968,13941
I2,CRDR,2.CRDR_JAN-APR 2026.xls,173,GLOMC AIR &SEA,USD,receivable,7090,PEOX006857,13935
I2,CRDR,2.CRDR_JAN-APR 2026.xls,174,TAEWOONG LOGISTICS,USD,payable,-4350,PEOI009357,13934
I2,CRDR,2.CRDR_JAN-APR 2026.xls,175,YNN GLOBAL LOGISTICS CO,USD,receivable,586.4,PEAE008967,13933
I2,CRDR,2.CRDR_JAN-APR 2026.xls,176,SKYMASTER EXPRESS,CAD,receivable,648.75,PEAE008966,13932
W2,CRDR,2.CRDR_JAN-APR 2026.xls,176,SKYMASTER EXPRESS,CAD,receivable,648.75,PEAE008966,13932
I2,CRDR,2.CRDR_JAN-APR 2026.xls,177,SINO LOGISTICS,USD,receivable,35,PEOI009356,13931
I2,CRDR,2.CRDR_JAN-APR 2026.xls,178,TOP-NOTCH SERVICES,USD,receivable,477,PEAI008794,13930
W2,CRDR,2.CRDR_JAN-APR 2026.xls,179,SKYMASTER EXPRESS,USD,settled,0,PEAE008963,13929
W2,CRDR,2.CRDR_JAN-APR 2026.xls,180,SKYMASTER EXPRESS,USD,settled,0,PEAE008963,13928
I2,CRDR,2.CRDR_JAN-APR 2026.xls,181,SKYMASTER EXPRESS,CAD,receivable,526,PEAE008965,13926
W2,CRDR,2.CRDR_JAN-APR 2026.xls,181,SKYMASTER EXPRESS,CAD,receivable,526,PEAE008965,13926
I2,CRDR,2.CRDR_JAN-APR 2026.xls,183,HANJIN TRANSPORTATION CO,USD,receivable,120,PEOX006848,13923
I2,CRDR,2.CRDR_JAN-APR 2026.xls,184,SKYMASTER EXPRESS,CAD,receivable,1665,PEAE008964,13922
W2,CRDR,2.CRDR_JAN-APR 2026.xls,184,SKYMASTER EXPRESS,CAD,receivable,1665,PEAE008964,13922
I2,CRDR,2.CRDR_JAN-APR 2026.xls,185,THE H LOGISTICS,USD,receivable,35,PEOI009352,13921
I2,CRDR,2.CRDR_JAN-APR 2026.xls,186,THE H LOGISTICS,USD,receivable,35,PEOI009351,13920
I2,CRDR,2.CRDR_JAN-APR 2026.xls,188,RAMSES LOGISTICS,USD,receivable,70,PEOI009347,13917
I2,CRDR,2.CRDR_JAN-APR 2026.xls,189,SKYMASTER EXPRESS,CAD,receivable,1713.75,PEAE008962,13916
W2,CRDR,2.CRDR_JAN-APR 2026.xls,189,SKYMASTER EXPRESS,CAD,receivable,1713.75,PEAE008962,13916
I2,CRDR,2.CRDR_JAN-APR 2026.xls,190,SKYMASTER EXPRESS,CAD,receivable,4068.75,PEAE008962,13915
W2,CRDR,2.CRDR_JAN-APR 2026.xls,190,SKYMASTER EXPRESS,CAD,receivable,4068.75,PEAE008962,13915
I2,CRDR,2.CRDR_JAN-APR 2026.xls,191,SEJUNG SHIPPING,USD,payable,-455.91,PEOI009387,14055
I2,CRDR,2.CRDR_JAN-APR 2026.xls,192,RAMSES LOGISTICS,USD,receivable,70,PEOI009346,13914
I2,CRDR,2.CRDR_JAN-APR 2026.xls,193,RAMSES LOGISTICS,USD,receivable,70,PEOI009345,13913
I2,CRDR,2.CRDR_JAN-APR 2026.xls,194,RAMSES LOGISTICS,USD,receivable,70,PEOI009344,13912
I2,CRDR,2.CRDR_JAN-APR 2026.xls,196,RAMSES LOGISTICS,USD,receivable,70,PEOI009342,13910
I2,CRDR,2.CRDR_JAN-APR 2026.xls,199,YOUNG CHEON LOGISTICS CO,USD,payable,-4065,PEOI009339,13907
I2,CRDR,2.CRDR_JAN-APR 2026.xls,200,SKYMASTER EXPRESS,CAD,receivable,4421.25,PEAE008961,13906
W2,CRDR,2.CRDR_JAN-APR 2026.xls,200,SKYMASTER EXPRESS,CAD,receivable,4421.25,PEAE008961,13906
I2,CRDR,2.CRDR_JAN-APR 2026.xls,202,SKYMASTER EXPRESS,CAD,receivable,3378.75,PEAE008960,13902
W2,CRDR,2.CRDR_JAN-APR 2026.xls,202,SKYMASTER EXPRESS,CAD,receivable,3378.75,PEAE008960,13902
I2,CRDR,2.CRDR_JAN-APR 2026.xls,203,SKYMASTER EXPRESS,CAD,receivable,531.2,PEAE008958,13900
W2,CRDR,2.CRDR_JAN-APR 2026.xls,203,SKYMASTER EXPRESS,CAD,receivable,531.2,PEAE008958,13900
I2,CRDR,2.CRDR_JAN-APR 2026.xls,206,ROYAL GLS,USD,receivable,472,PEAI008791,13899
W2,CRDR,2.CRDR_JAN-APR 2026.xls,210,SKYMASTER EXPRESS,CAD,settled,0,PEAE008956,13895
W2,CRDR,2.CRDR_JAN-APR 2026.xls,211,SKYMASTER EXPRESS,CAD,settled,0,PEAE008956,13894
W2,CRDR,2.CRDR_JAN-APR 2026.xls,212,SKYMASTER EXPRESS,CAD,settled,0,PEAE008956,13893
W2,CRDR,2.CRDR_JAN-APR 2026.xls,213,SKYMASTER EXPRESS,CAD,settled,0,PEAE008956,13892
I2,CRDR,2.CRDR_JAN-APR 2026.xls,214,THE H LOGISTICS,USD,receivable,35,PEOI009338,13905
I2,CRDR,2.CRDR_JAN-APR 2026.xls,215,RAMSES LOGISTICS,USD,receivable,70,PEOI009333,13891
I2,CRDR,2.CRDR_JAN-APR 2026.xls,216,RAMSES LOGISTICS,USD,receivable,70,PEOI009303,13890
I2,CRDR,2.CRDR_JAN-APR 2026.xls,217,RAMSES LOGISTICS,USD,receivable,70,PEOI009303,13889
I2,CRDR,2.CRDR_JAN-APR 2026.xls,218,RAMSES LOGISTICS,USD,receivable,70,PEOI009332,13888
I2,CRDR,2.CRDR_JAN-APR 2026.xls,219,RAMSES LOGISTICS,USD,receivable,70,PEOI009326,13887
I2,CRDR,2.CRDR_JAN-APR 2026.xls,221,SINPEX CONNECTION LOGISTI,USD,payable,-502.3,PEOI009350,13918
I2,CRDR,2.CRDR_JAN-APR 2026.xls,222,ATZ KOREA COLTD - INT,USD,payable,-569.13,PEOI009353,13927
W2,CRDR,2.CRDR_JAN-APR 2026.xls,223,SKYMASTER EXPRESS,CAD,settled,0,PEAE008957,13885
W2,CRDR,2.CRDR_JAN-APR 2026.xls,225,SKYMASTER EXPRESS,CAD,settled,0,PEAE008954,13883
W2,CRDR,2.CRDR_JAN-APR 2026.xls,226,SKYMASTER EXPRESS,CAD,settled,0,PEAE008954,13882
I2,CRDR,2.CRDR_JAN-APR 2026.xls,237,ORIENT SHIPPING,USD,receivable,400,PEOI009277,13871
W2,CRDR,2.CRDR_JAN-APR 2026.xls,238,SKYMASTER EXPRESS,CAD,settled,0,PEAE008952,13870
W2,CRDR,2.CRDR_JAN-APR 2026.xls,239,SKYMASTER EXPRESS,CAD,settled,0,PEAE008952,13869
I2,CRDR,2.CRDR_JAN-APR 2026.xls,240,THE H LOGISTICS,USD,receivable,35,PEOI009320,13868
W2,CRDR,2.CRDR_JAN-APR 2026.xls,241,SKYMASTER EXPRESS,CAD,settled,0,PEAE008952,13867
I2,CRDR,2.CRDR_JAN-APR 2026.xls,242,RAMSES LOGISTICS,USD,receivable,70,PEOI009316,13866
I2,CRDR,2.CRDR_JAN-APR 2026.xls,243,RAMSES LOGISTICS,USD,receivable,70,PEOI009315,13865
I2,CRDR,2.CRDR_JAN-APR 2026.xls,244,RAMSES LOGISTICS,USD,receivable,70,PEOI009314,13864
I2,CRDR,2.CRDR_JAN-APR 2026.xls,245,RAMSES LOGISTICS,USD,receivable,70,PEOI009313,13863
I2,CRDR,2.CRDR_JAN-APR 2026.xls,247,LOTTE AIR & SEA FREGIHT I,USD,receivable,936.8,PEAE008951,13861
W2,CRDR,2.CRDR_JAN-APR 2026.xls,249,SKYMASTER EXPRESS,CAD,settled,0,PEAE008951,13859
I2,CRDR,2.CRDR_JAN-APR 2026.xls,255,ORIENT SHIPPING,USD,receivable,602.99,PEAI008778,13854
W2,CRDR,2.CRDR_JAN-APR 2026.xls,256,SKYMASTER EXPRESS,CAD,settled,0,PEAE008950,13853
W2,CRDR,2.CRDR_JAN-APR 2026.xls,257,SKYMASTER EXPRESS,CAD,settled,0,PEAE008950,13852
I2,CRDR,2.CRDR_JAN-APR 2026.xls,260,SINO LOGISTICS,USD,receivable,35,PEOI009306,13849
I2,CRDR,2.CRDR_JAN-APR 2026.xls,263,RAMSES LOGISTICS,USD,receivable,70,PEOI009305,13846
I2,CRDR,2.CRDR_JAN-APR 2026.xls,264,RAMSES LOGISTICS,USD,receivable,70,PEOI009304,13845
I2,CRDR,2.CRDR_JAN-APR 2026.xls,265,RAMSES LOGISTICS,USD,receivable,70,PEOI009303,13844
I2,CRDR,2.CRDR_JAN-APR 2026.xls,266,RAMSES LOGISTICS,USD,receivable,70,PEOI009302,13843
I2,CRDR,2.CRDR_JAN-APR 2026.xls,267,RAMSES LOGISTICS,USD,receivable,70,PEOI009301,13842
W2,CRDR,2.CRDR_JAN-APR 2026.xls,271,SKYMASTER EXPRESS,CAD,settled,0,PEAE008946,13835
W2,CRDR,2.CRDR_JAN-APR 2026.xls,275,SKYMASTER EXPRESS,USD,settled,0,PEAI008777,13836
I2,CRDR,2.CRDR_JAN-APR 2026.xls,276,SINO LOGISTICS,USD,receivable,35,PEOI009296,13834
I1,CRDR,2.CRDR_JAN-APR 2026.xls,277,EAST AIR EXPRESS,CAD,settled,0,PEAE008947,13833
I1,CRDR,2.CRDR_JAN-APR 2026.xls,278,UNICO LOGISTICS,CAD,settled,0,PEAE008945,13831
I1,CRDR,2.CRDR_JAN-APR 2026.xls,279,CLOUD GLS,USD,settled,0,PEOX006846,13830
I1,CRDR,2.CRDR_JAN-APR 2026.xls,280,CMS LOGISTICS GROUP KOREA,USD,settled,0,PEOX006847,13829
I1,CRDR,2.CRDR_JAN-APR 2026.xls,281,HANJIN TRANSPORTATION CO,USD,settled,0,PEOX006848,13837
I2,CRDR,2.CRDR_JAN-APR 2026.xls,282,RAMSES LOGISTICS,USD,receivable,70,PEOI009294,13828
I1,CRDR,2.CRDR_JAN-APR 2026.xls,283,GLOTECH CORPORATION,USD,settled,0,PEOI009279,13825
I1,CRDR,2.CRDR_JAN-APR 2026.xls,284,SKYMASTER EXPRESS,CAD,settled,0,PEAE008943,13823
W2,CRDR,2.CRDR_JAN-APR 2026.xls,284,SKYMASTER EXPRESS,CAD,settled,0,PEAE008943,13823
I1,CRDR,2.CRDR_JAN-APR 2026.xls,285,SKYMASTER EXPRESS,CAD,settled,0,PEAE008943,13822
W2,CRDR,2.CRDR_JAN-APR 2026.xls,285,SKYMASTER EXPRESS,CAD,settled,0,PEAE008943,13822
I1,CRDR,2.CRDR_JAN-APR 2026.xls,286,THE H LOGISTICS,USD,settled,0,PEOI009286,13821
I1,CRDR,2.CRDR_JAN-APR 2026.xls,287,THE H LOGISTICS,USD,settled,0,PEOI009285,13820
I1,CRDR,2.CRDR_JAN-APR 2026.xls,288,SKYMASTER EXPRESS,USD,settled,0,PEOX006829,13819
W2,CRDR,2.CRDR_JAN-APR 2026.xls,288,SKYMASTER EXPRESS,USD,settled,0,PEOX006829,13819
I1,CRDR,2.CRDR_JAN-APR 2026.xls,289,PNL GLOBAL LOGISTICS,USD,settled,0,PEOX006829,13818
I1,CRDR,2.CRDR_JAN-APR 2026.xls,290,GLOTECH CORPORATION,USD,settled,0,PEOI009276,13817
I1,CRDR,2.CRDR_JAN-APR 2026.xls,291,SKYMASTER EXPRESS,CAD,settled,0,PEAE008942,13815
W2,CRDR,2.CRDR_JAN-APR 2026.xls,291,SKYMASTER EXPRESS,CAD,settled,0,PEAE008942,13815
I1,CRDR,2.CRDR_JAN-APR 2026.xls,292,ALL CARE LOGIX,USD,settled,0,PEAE008942,13814
I1,CRDR,2.CRDR_JAN-APR 2026.xls,293,SKYMASTER EXPRESS,USD,settled,0,PEAI008775,13813
W2,CRDR,2.CRDR_JAN-APR 2026.xls,293,SKYMASTER EXPRESS,USD,settled,0,PEAI008775,13813
I1,CRDR,2.CRDR_JAN-APR 2026.xls,294,HANJIN INTERMODAL AMERICA,USD,settled,0,PEOI009253,13812
I1,CRDR,2.CRDR_JAN-APR 2026.xls,295,SKYMASTER EXPRESS,CAD,settled,0,PEAE008941,13811
W2,CRDR,2.CRDR_JAN-APR 2026.xls,295,SKYMASTER EXPRESS,CAD,settled,0,PEAE008941,13811
I1,CRDR,2.CRDR_JAN-APR 2026.xls,296,SKYMASTER EXPRESS,CAD,settled,0,PEAE008941,13810
W2,CRDR,2.CRDR_JAN-APR 2026.xls,296,SKYMASTER EXPRESS,CAD,settled,0,PEAE008941,13810
I1,CRDR,2.CRDR_JAN-APR 2026.xls,297,THE H LOGISTICS,USD,settled,0,PEAE008939,13809
I1,CRDR,2.CRDR_JAN-APR 2026.xls,298,CLOUD GLS,USD,settled,0,PEOX006844,13808
I1,CRDR,2.CRDR_JAN-APR 2026.xls,299,RAMSES LOGISTICS,USD,settled,0,PEOI009278,13807
I1,CRDR,2.CRDR_JAN-APR 2026.xls,300,SKYMASTER EXPRESS,CAD,settled,0,PEAE008940,13806
W2,CRDR,2.CRDR_JAN-APR 2026.xls,300,SKYMASTER EXPRESS,CAD,settled,0,PEAE008940,13806
I1,CRDR,2.CRDR_JAN-APR 2026.xls,301,CONAN,USD,settled,0,PEAE008940,13805
I1,CRDR,2.CRDR_JAN-APR 2026.xls,302,CARGOWAY EXPRESS,CAD,settled,0,PEAE008940,13804
I1,CRDR,2.CRDR_JAN-APR 2026.xls,303,HANJIN TRANSPORTATION CO,USD,settled,0,PEOX006838,13743
I1,CRDR,2.CRDR_JAN-APR 2026.xls,304,INTERNATIONAL BUSINESS FR,USD,settled,0,PEAE008938,13803
I1,CRDR,2.CRDR_JAN-APR 2026.xls,305,RAMSES LOGISTICS,USD,receivable,70,PEOI009274,13802
I2,CRDR,2.CRDR_JAN-APR 2026.xls,305,RAMSES LOGISTICS,USD,receivable,70,PEOI009274,13802
I1,CRDR,2.CRDR_JAN-APR 2026.xls,306,THE H LOGISTICS,USD,settled,0,PEAI008772,13801
I1,CRDR,2.CRDR_JAN-APR 2026.xls,307,TAEWOONG LOGISTICS,USD,settled,0,PEOI009205,13799
I1,CRDR,2.CRDR_JAN-APR 2026.xls,308,HANJIN TRANSPORTATION CO,USD,settled,0,PEAI008773,13798
I1,CRDR,2.CRDR_JAN-APR 2026.xls,309,SKYMASTER EXPRESS,USD,settled,0,PEAI008771,13797
W2,CRDR,2.CRDR_JAN-APR 2026.xls,309,SKYMASTER EXPRESS,USD,settled,0,PEAI008771,13797
I1,CRDR,2.CRDR_JAN-APR 2026.xls,310,SKYMASTER EXPRESS,USD,settled,0,PEAI008771,13796
W2,CRDR,2.CRDR_JAN-APR 2026.xls,310,SKYMASTER EXPRESS,USD,settled,0,PEAI008771,13796
I1,CRDR,2.CRDR_JAN-APR 2026.xls,311,EZ FREIGHT,USD,receivable,325,PEOI009270,13800
I2,CRDR,2.CRDR_JAN-APR 2026.xls,311,EZ FREIGHT,USD,receivable,325,PEOI009270,13800
I1,CRDR,2.CRDR_JAN-APR 2026.xls,312,GLOTECH CORPORATION,USD,settled,0,PEOI009242,13795
I1,CRDR,2.CRDR_JAN-APR 2026.xls,313,EZ FREIGHT,USD,receivable,75,PEOI009269,13794
I2,CRDR,2.CRDR_JAN-APR 2026.xls,313,EZ FREIGHT,USD,receivable,75,PEOI009269,13794
I1,CRDR,2.CRDR_JAN-APR 2026.xls,314,SKYMASTER EXPRESS,USD,settled,0,PEAI008767,13793
W2,CRDR,2.CRDR_JAN-APR 2026.xls,314,SKYMASTER EXPRESS,USD,settled,0,PEAI008767,13793
I1,CRDR,2.CRDR_JAN-APR 2026.xls,315,RAMSES LOGISTICS,USD,receivable,70,PEOI009268,13792
I2,CRDR,2.CRDR_JAN-APR 2026.xls,315,RAMSES LOGISTICS,USD,receivable,70,PEOI009268,13792
I1,CRDR,2.CRDR_JAN-APR 2026.xls,316,RAMSES LOGISTICS,USD,receivable,70,PEOI009267,13791
I2,CRDR,2.CRDR_JAN-APR 2026.xls,316,RAMSES LOGISTICS,USD,receivable,70,PEOI009267,13791
I1,CRDR,2.CRDR_JAN-APR 2026.xls,317,JET SOCIETY CORPORATION -,USD,settled,0,PEAI008770,13790
I1,CRDR,2.CRDR_JAN-APR 2026.xls,318,BETTER SHIPPING,USD,settled,0,PEOX006839,13789
I1,CRDR,2.CRDR_JAN-APR 2026.xls,319,UNICO LOGISTICS,CAD,settled,0,PEAE008935,13788
I1,CRDR,2.CRDR_JAN-APR 2026.xls,320,RAMSES LOGISTICS,USD,receivable,70,PEOI009265,13787
I2,CRDR,2.CRDR_JAN-APR 2026.xls,320,RAMSES LOGISTICS,USD,receivable,70,PEOI009265,13787
I1,CRDR,2.CRDR_JAN-APR 2026.xls,321,RAMSES LOGISTICS,USD,receivable,70,PEOI009264,13786
I2,CRDR,2.CRDR_JAN-APR 2026.xls,321,RAMSES LOGISTICS,USD,receivable,70,PEOI009264,13786
I1,CRDR,2.CRDR_JAN-APR 2026.xls,322,INTERCARGO LOGISTICS,USD,receivable,1821.16,PEAE008936,13785
I2,CRDR,2.CRDR_JAN-APR 2026.xls,322,INTERCARGO LOGISTICS,USD,receivable,1821.16,PEAE008936,13785
I1,CRDR,2.CRDR_JAN-APR 2026.xls,323,THE H LOGISTICS,USD,settled,0,PEOI009263,13784
I1,CRDR,2.CRDR_JAN-APR 2026.xls,324,RAMSES LOGISTICS,USD,receivable,70,PEOI009262,13783
I2,CRDR,2.CRDR_JAN-APR 2026.xls,324,RAMSES LOGISTICS,USD,receivable,70,PEOI009262,13783
I1,CRDR,2.CRDR_JAN-APR 2026.xls,325,RAMSES LOGISTICS,USD,receivable,70,PEOI009261,13782
I2,CRDR,2.CRDR_JAN-APR 2026.xls,325,RAMSES LOGISTICS,USD,receivable,70,PEOI009261,13782
I1,CRDR,2.CRDR_JAN-APR 2026.xls,326,SINO LOGISTICS,USD,receivable,35,PEOI009257,13780
I2,CRDR,2.CRDR_JAN-APR 2026.xls,326,SINO LOGISTICS,USD,receivable,35,PEOI009257,13780
I1,CRDR,2.CRDR_JAN-APR 2026.xls,327,TLLOS LOGISTICS,USD,settled,0,PEOI009256,13779
I1,CRDR,2.CRDR_JAN-APR 2026.xls,328,WORLD NET LOGISTICS SOLUT,USD,settled,0,PEAI008765,13778
I1,CRDR,2.CRDR_JAN-APR 2026.xls,329,CMS LOGISTICS GROUP KOREA,USD,settled,0,PEOX006843,13777
I1,CRDR,2.CRDR_JAN-APR 2026.xls,330,CMS LOGISTICS GROUP KOREA,USD,settled,0,PEOX006843,13776
I1,CRDR,2.CRDR_JAN-APR 2026.xls,331,GLOMC AIR &SEA,USD,settled,0,PEAE008934,13775
I1,CRDR,2.CRDR_JAN-APR 2026.xls,332,SEJUNG SHIPPING,USD,settled,0,PEAE008937,13774
I1,CRDR,2.CRDR_JAN-APR 2026.xls,333,TRUST AND BEST,USD,payable,-870.29,PEOI009299,13840
I2,CRDR,2.CRDR_JAN-APR 2026.xls,333,TRUST AND BEST,USD,payable,-870.29,PEOI009299,13840
I1,CRDR,2.CRDR_JAN-APR 2026.xls,334,SCANWELL LOGISTICS (KOREA,USD,settled,0,PEOI009281,13816
I1,CRDR,2.CRDR_JAN-APR 2026.xls,335,SKYMASTER EXPRESS,CAD,settled,0,PEAE008930,13771
W2,CRDR,2.CRDR_JAN-APR 2026.xls,335,SKYMASTER EXPRESS,CAD,settled,0,PEAE008930,13771
I1,CRDR,2.CRDR_JAN-APR 2026.xls,336,SKYMASTER EXPRESS,USD,settled,0,PEOX006837,13773
W2,CRDR,2.CRDR_JAN-APR 2026.xls,336,SKYMASTER EXPRESS,USD,settled,0,PEOX006837,13773
I1,CRDR,2.CRDR_JAN-APR 2026.xls,337,CENTRANS INTERNATIONAL CO,USD,settled,0,PEOI009221,13769
I1,CRDR,2.CRDR_JAN-APR 2026.xls,338,DAWON SEA & AIR,USD,settled,0,PEAI008766,13768
I1,CRDR,2.CRDR_JAN-APR 2026.xls,339,WOOWON SEA & AIR,USD,settled,0,PEOI009247,13767
I1,CRDR,2.CRDR_JAN-APR 2026.xls,340,YOUNG CHEON LOGISTICS CO,USD,settled,0,PEOI009251,13770
I1,CRDR,2.CRDR_JAN-APR 2026.xls,341,SKYMASTER EXPRESS,CAD,settled,0,PEAE008931,13763
W2,CRDR,2.CRDR_JAN-APR 2026.xls,341,SKYMASTER EXPRESS,CAD,settled,0,PEAE008931,13763
I1,CRDR,2.CRDR_JAN-APR 2026.xls,342,SKYMASTER EXPRESS,USD,settled,0,PEOX006834,13758
W2,CRDR,2.CRDR_JAN-APR 2026.xls,342,SKYMASTER EXPRESS,USD,settled,0,PEOX006834,13758
I1,CRDR,2.CRDR_JAN-APR 2026.xls,343,YOUNG CHEON LOGISTICS CO,USD,settled,0,PEOI009235,13756
I1,CRDR,2.CRDR_JAN-APR 2026.xls,344,SKYMASTER EXPRESS,CAD,settled,0,PEAE008933,13751
W2,CRDR,2.CRDR_JAN-APR 2026.xls,344,SKYMASTER EXPRESS,CAD,settled,0,PEAE008933,13751
I1,CRDR,2.CRDR_JAN-APR 2026.xls,345,YOUNG CHEON LOGISTICS CO,USD,settled,0,PEOI009228,13737
I1,CRDR,2.CRDR_JAN-APR 2026.xls,346,SKYMASTER EXPRESS,USD,settled,0,PEOX006829,13622
W2,CRDR,2.CRDR_JAN-APR 2026.xls,346,SKYMASTER EXPRESS,USD,settled,0,PEOX006829,13622
I2,AP,3.AP_JAN-APR 2026.xls,1,TOTAL CUSTOMS SERVICES IN,CAD,payable,79.88,TRU-00376,29944
I2,AP,3.AP_JAN-APR 2026.xls,2,PORT7 CUSTOMS BROKERAGE,CAD,payable,113,PEOI009375,29791
I2,AP,3.AP_JAN-APR 2026.xls,4,PORT7 CUSTOMS BROKERAGE,CAD,payable,100.57,PEOI009442,29802
I2,AP,3.AP_JAN-APR 2026.xls,5,OCTS - OVERLAND CONTAINER,CAD,payable,1530.55,PEOX006866,29794
I2,AP,3.AP_JAN-APR 2026.xls,6,PANTOS LOGISTICS CANADA I,USD,payable,50,PEOI009444,29797
I2,AP,3.AP_JAN-APR 2026.xls,7,PANTOS LOGISTICS CANADA I,USD,payable,50,PEOI009444,29798
I2,AP,3.AP_JAN-APR 2026.xls,8,A&B COURIER,CAD,payable,86.26,PEAE009004,29776
I2,AP,3.AP_JAN-APR 2026.xls,9,WIN YAN LOGISTICS,CAD,payable,925,PEOI009381,29783
I2,AP,3.AP_JAN-APR 2026.xls,10,PERFECT TRANSPORT,CAD,payable,490,PEOI009393,29782
I2,AP,3.AP_JAN-APR 2026.xls,11,GTA WORLD CARGO KOREAN AI,CAD,payable,357.77,PEAI008823,29787
I2,AP,3.AP_JAN-APR 2026.xls,12,IATA CARGO ACCOUNTS,CAD,payable,939.9,PEAE009004,29777
I2,AP,3.AP_JAN-APR 2026.xls,13,KDM,CAD,payable,250,PEAE009001,29785
I2,AP,3.AP_JAN-APR 2026.xls,16,AIR CANADA CARGO -ACCT,CAD,payable,143.47,PEAI008822,29760
I2,AP,3.AP_JAN-APR 2026.xls,17,NEWGEN TRANSPORT -ACC,CAD,payable,54.6,PEAE009000,29764
I2,AP,3.AP_JAN-APR 2026.xls,19,WIN YAN LOGISTICS,CAD,payable,725,PEOI009382,29761
I2,AP,3.AP_JAN-APR 2026.xls,20,A&B COURIER,CAD,payable,57.33,PEAI008822,29765
I2,AP,3.AP_JAN-APR 2026.xls,22,IATA CARGO ACCOUNTS,CAD,payable,199.3,PEAE008999,29768
I2,AP,3.AP_JAN-APR 2026.xls,24,A&B COURIER,CAD,payable,92.43,PEAE009002,29763
I2,AP,3.AP_JAN-APR 2026.xls,27,CNR INTERNATIONAL,USD,payable,25,PEOI009453,29847
I2,AP,3.AP_JAN-APR 2026.xls,28,FEDEX FREIGHT CANADA -ACC,CAD,payable,85.09,PEAE009004,29766
I2,AP,3.AP_JAN-APR 2026.xls,30,TOTAL EXPRESS YYZ (SUB#42,CAD,payable,75,PEOI009455,29887
I2,AP,3.AP_JAN-APR 2026.xls,32,A&B COURIER,CAD,payable,39.9,PEAE008999,29757
I2,AP,3.AP_JAN-APR 2026.xls,36,IATA CARGO ACCOUNTS,CAD,payable,2851.13,PEAE008998,29759
I2,AP,3.AP_JAN-APR 2026.xls,37,MINIMAX EXPRESS TRANSPORT,CAD,payable,294.43,PEAI008821,29788
I2,AP,3.AP_JAN-APR 2026.xls,39,WIN YAN LOGISTICS,CAD,payable,725,PEOI009366,29755
I2,AP,3.AP_JAN-APR 2026.xls,41,UNITED RELIABLE TRANSPORT,CAD,payable,1300,PEOI009349,29749
I2,AP,3.AP_JAN-APR 2026.xls,42,TRANS PLUS,CAD,payable,156.15,PEAE008997,29748
I2,AP,3.AP_JAN-APR 2026.xls,43,IATA CARGO ACCOUNTS,CAD,payable,12424.23,PEAE008996,29745
I2,AP,3.AP_JAN-APR 2026.xls,44,WIN YAN LOGISTICS,CAD,payable,725,PEOI009395,29743
I2,AP,3.AP_JAN-APR 2026.xls,45,BLUE SHARK TRANSPORT,CAD,payable,475,PEOI009431,29750
I2,AP,3.AP_JAN-APR 2026.xls,46,GEUNMYOUNG SHIN,CAD,payable,1480.41,,29741
I2,AP,3.AP_JAN-APR 2026.xls,47,IATA CARGO ACCOUNTS,CAD,payable,937.3,PEAE008997,29746
I2,AP,3.AP_JAN-APR 2026.xls,49,A&B COURIER,CAD,payable,57.33,PEAE008997,29747
I2,AP,3.AP_JAN-APR 2026.xls,51,UNITED RELIABLE TRANSPORT,CAD,payable,1335,PEOI009348,29733
I2,AP,3.AP_JAN-APR 2026.xls,52,TRANSRAM EXPRESS,CAD,payable,750,PEAE008996,29737
I2,AP,3.AP_JAN-APR 2026.xls,53,IATA CARGO ACCOUNTS,CAD,payable,2421.5,PEAE008986,29730
I2,AP,3.AP_JAN-APR 2026.xls,56,WIN YAN LOGISTICS,CAD,payable,725,PEOI009371,29735
I2,AP,3.AP_JAN-APR 2026.xls,57,A&B COURIER,CAD,payable,122.85,PEAE008993,29728
I2,AP,3.AP_JAN-APR 2026.xls,59,IATA CARGO ACCOUNTS,CAD,payable,3419,PEAE008993,29729
I2,AP,3.AP_JAN-APR 2026.xls,61,BLUE SHARK TRANSPORT,CAD,payable,625,PEOI009439,29937
I2,AP,3.AP_JAN-APR 2026.xls,62,CEDRUS GLOBAL TRADING,CAD,payable,1594.49,PEAI008821,29740
I2,AP,3.AP_JAN-APR 2026.xls,63,A&B COURIER,CAD,payable,104.13,PEAI008811,29732
I2,AP,3.AP_JAN-APR 2026.xls,64,WIN YAN LOGISTICS,CAD,payable,725,PEOI009398,29734
I2,AP,3.AP_JAN-APR 2026.xls,65,AIR CANADA CARGO -ACCT,CAD,payable,146.66,PEAI008821,29789
I2,AP,3.AP_JAN-APR 2026.xls,66,KHUMAN & KHUMAN CARRIER,CAD,payable,495,PEOI009358,29693
I2,AP,3.AP_JAN-APR 2026.xls,67,WIN YAN LOGISTICS,CAD,payable,725,PEOI009340,29719
I2,AP,3.AP_JAN-APR 2026.xls,68,CN - ACC,CAD,payable,750,PEOI009340,29720
I2,AP,3.AP_JAN-APR 2026.xls,70,CN - ACC,CAD,payable,250,PEOI009398,29725
I2,AP,3.AP_JAN-APR 2026.xls,71,WIN YAN LOGISTICS,CAD,payable,725,PEOI009397,29721
I2,AP,3.AP_JAN-APR 2026.xls,72,CN - ACC,CAD,payable,250,PEOI009371,29726
I2,AP,3.AP_JAN-APR 2026.xls,73,TRANSRAM EXPRESS,CAD,payable,750,PEOX006859,29722
I2,AP,3.AP_JAN-APR 2026.xls,74,SMITTYS TRANSPORT,CAD,payable,146.6,PEOI009418,29751
I2,AP,3.AP_JAN-APR 2026.xls,77,SMITTYS TRANSPORT,CAD,payable,134.2,PEOI009387,29752
I2,AP,3.AP_JAN-APR 2026.xls,78,MINIMAX EXPRESS TRANSPORT,CAD,payable,493.1,PEAI008811,29715
I2,AP,3.AP_JAN-APR 2026.xls,79,WIN YAN LOGISTICS,CAD,payable,725,PEOI009346,29714
I2,AP,3.AP_JAN-APR 2026.xls,82,CN - ACC,CAD,payable,500,PEOI009346,29713
I2,AP,3.AP_JAN-APR 2026.xls,83,HYUNDAI SHIPPING LINES (H,USD,payable,170,PEOI009403,29943
I2,AP,3.AP_JAN-APR 2026.xls,84,TRANS PLUS,CAD,payable,156.26,PEAE008993,29716
I2,AP,3.AP_JAN-APR 2026.xls,85,WIN YAN LOGISTICS,CAD,payable,725,PEOI009365,29712
I2,AP,3.AP_JAN-APR 2026.xls,87,VIP TRANSPORT,CAD,payable,135,PEAI008818,29705
I2,AP,3.AP_JAN-APR 2026.xls,88,KHUMAN & KHUMAN CARRIER,CAD,payable,982.5,PEOI009386,29839
I2,AP,3.AP_JAN-APR 2026.xls,92,KHUMAN & KHUMAN CARRIER,CAD,payable,605,PEOI009415,29706
I2,AP,3.AP_JAN-APR 2026.xls,95,IATA CARGO ACCOUNTS,CAD,payable,1790.44,PEAE008989,29694
I2,AP,3.AP_JAN-APR 2026.xls,96,PANTOS LOGISTICS CANADA I,USD,payable,80,PEOI009440,29781
I2,AP,3.AP_JAN-APR 2026.xls,97,KDM LOGISTICS,CAD,payable,162.5,PEAE008995,29702
I2,AP,3.AP_JAN-APR 2026.xls,99,A&B COURIER,CAD,payable,127.53,PEAE008989,29695
I2,AP,3.AP_JAN-APR 2026.xls,100,PANTOS LOGISTICS CANADA I,USD,payable,84.75,PEAI008816,29701
I2,AP,3.AP_JAN-APR 2026.xls,101,IATA CARGO ACCOUNTS,CAD,payable,359.08,PEAE008992,29697
I2,AP,3.AP_JAN-APR 2026.xls,103,A&B COURIER,CAD,payable,32.76,PEAE008989,29691
I2,AP,3.AP_JAN-APR 2026.xls,104,KHUMAN & KHUMAN CARRIER,CAD,payable,620,PEOI009386,29840
I2,AP,3.AP_JAN-APR 2026.xls,105,WIN YAN LOGISTICS,CAD,payable,900,PEOI009339,29699
I2,AP,3.AP_JAN-APR 2026.xls,108,CN - ACC,CAD,payable,500,PEOI009332,29692
I2,AP,3.AP_JAN-APR 2026.xls,111,WIN YAN LOGISTICS,CAD,payable,725,PEOI009347,29684
I2,AP,3.AP_JAN-APR 2026.xls,112,BLUE SHARK TRANSPORT,CAD,payable,1057,PEOI009374,29838
I2,AP,3.AP_JAN-APR 2026.xls,115,WIN YAN LOGISTICS,CAD,payable,725,PEOI009344,29685
I2,AP,3.AP_JAN-APR 2026.xls,118,KDM LOGISTICS,CAD,payable,245,PEAI008814,29829
I2,AP,3.AP_JAN-APR 2026.xls,119,AIR CANADA CARGO -ACCT,CAD,payable,215,PEAI008819,29686
I2,AP,3.AP_JAN-APR 2026.xls,121,FEDEX FREIGHT CANADA -ACC,CAD,payable,91.86,PEAE008991,29672
I2,AP,3.AP_JAN-APR 2026.xls,123,IATA CARGO ACCOUNTS,CAD,payable,5138.56,PEAE008991,29680
I2,AP,3.AP_JAN-APR 2026.xls,124,OCTS - OVERLAND CONTAINER,CAD,payable,1530.55,PEOX006863,29677
I2,AP,3.AP_JAN-APR 2026.xls,125,A&B COURIER,CAD,payable,253.89,PEAE008991,29681
I2,AP,3.AP_JAN-APR 2026.xls,134,KDM LOGISTICS,CAD,payable,168.75,PEAI008803,29671
I2,AP,3.AP_JAN-APR 2026.xls,135,MARITIME-ONTARIO FREIGHT,CAD,payable,1400.78,PEOX006864,29668
I2,AP,3.AP_JAN-APR 2026.xls,136,SWISSPORT CANADA HANDLING,CAD,payable,205,PEAI008810,29667
I2,AP,3.AP_JAN-APR 2026.xls,138,SCOTT FREIGHT SERVICES,CAD,payable,150,PEAI008810,29666
I2,AP,3.AP_JAN-APR 2026.xls,140,IEL CANADA BROKERAGE ULC,CAD,payable,1300,PEAE008987,29654
I2,AP,3.AP_JAN-APR 2026.xls,142,AIR CANADA CARGO -ACCT,CAD,payable,227.2,PEAI008816,29659
I2,AP,3.AP_JAN-APR 2026.xls,143,CEDRUS GLOBAL TRADING,CAD,payable,2666.49,PEOI009355,29657
I2,AP,3.AP_JAN-APR 2026.xls,144,IATA CARGO ACCOUNTS,CAD,payable,10004.62,PEAE008987,29653
I2,AP,3.AP_JAN-APR 2026.xls,145,WIN YAN LOGISTICS,CAD,payable,1025,PEOI009315,29642
I2,AP,3.AP_JAN-APR 2026.xls,148,IATA CARGO ACCOUNTS,CAD,payable,627.98,PEAE008979,29643
I2,AP,3.AP_JAN-APR 2026.xls,149,WIN YAN LOGISTICS,CAD,payable,1025,PEOI009316,29644
I2,AP,3.AP_JAN-APR 2026.xls,152,PERFECT TRANSPORT,CAD,payable,950,PEOI009313,29645
I2,AP,3.AP_JAN-APR 2026.xls,153,WIN YAN LOGISTICS,CAD,payable,725,PEOI009333,29655
I2,AP,3.AP_JAN-APR 2026.xls,156,IATA CARGO ACCOUNTS,CAD,payable,674.3,PEAE008990,29648
I2,AP,3.AP_JAN-APR 2026.xls,158,IATA CARGO ACCOUNTS,CAD,payable,937.3,PEAE008988,29649
I2,AP,3.AP_JAN-APR 2026.xls,159,MINIMAX EXPRESS TRANSPORT,CAD,payable,249.96,PEOI009368,29641
I2,AP,3.AP_JAN-APR 2026.xls,160,PERFECT TRANSPORT,CAD,payable,570,PEOI009362,29658
I2,AP,3.AP_JAN-APR 2026.xls,161,KHUMAN & KHUMAN CARRIER,CAD,payable,1520,PEOI009305,29652
I2,AP,3.AP_JAN-APR 2026.xls,164,WIN YAN LOGISTICS,CAD,payable,725,PEOI009314,29626
I2,AP,3.AP_JAN-APR 2026.xls,165,IATA CARGO ACCOUNTS,CAD,payable,203.5,PEAE008980,29617
I2,AP,3.AP_JAN-APR 2026.xls,169,IATA CARGO ACCOUNTS,CAD,payable,5604.19,PEAE008982,29630
I2,AP,3.AP_JAN-APR 2026.xls,171,GUYSBOROUGH TRANSFER,CAD,payable,234.25,PEOX006865,29664
I2,AP,3.AP_JAN-APR 2026.xls,173,A&B COURIER,CAD,receivable,-85.47,PEAE008982,29673
W6,AP,3.AP_JAN-APR 2026.xls,173,A&B COURIER,CAD,receivable,-85.47,PEAE008982,29673
I2,AP,3.AP_JAN-APR 2026.xls,175,A&B COURIER,CAD,receivable,-39.38,PEAE008977,29612
W6,AP,3.AP_JAN-APR 2026.xls,175,A&B COURIER,CAD,receivable,-39.38,PEAE008977,29612
I2,AP,3.AP_JAN-APR 2026.xls,177,IATA CARGO ACCOUNTS,CAD,payable,182.3,PEAE008977,29613
I2,AP,3.AP_JAN-APR 2026.xls,178,CN - ACC,CAD,payable,250,PEOI009314,29625
I2,AP,3.AP_JAN-APR 2026.xls,179,A&B COURIER,CAD,receivable,-69.93,PEAE008976,29614
W6,AP,3.AP_JAN-APR 2026.xls,179,A&B COURIER,CAD,receivable,-69.93,PEAE008976,29614
I2,AP,3.AP_JAN-APR 2026.xls,183,A&B COURIER,CAD,receivable,-116.55,PEAI008801,29618
W6,AP,3.AP_JAN-APR 2026.xls,183,A&B COURIER,CAD,receivable,-116.55,PEAI008801,29618
I2,AP,3.AP_JAN-APR 2026.xls,184,WIN YAN LOGISTICS,CAD,payable,725,PEOI009310,29623
I2,AP,3.AP_JAN-APR 2026.xls,186,CN - ACC,CAD,payable,250,PEOI009315,29627
I2,AP,3.AP_JAN-APR 2026.xls,187,A&B COURIER,CAD,receivable,-65.66,PEAE008980,29615
W6,AP,3.AP_JAN-APR 2026.xls,187,A&B COURIER,CAD,receivable,-65.66,PEAE008980,29615
I2,AP,3.AP_JAN-APR 2026.xls,189,CN - ACC,CAD,payable,500,PEOI009333,29628
I2,AP,3.AP_JAN-APR 2026.xls,191,CN - ACC,CAD,payable,500,PEOI009316,29629
I2,AP,3.AP_JAN-APR 2026.xls,193,PANTOS LOGISTICS CANADA I,USD,payable,466.75,PEOI009439,29778
I2,AP,3.AP_JAN-APR 2026.xls,194,KDM LOGISTICS,CAD,payable,206.25,PEAI008808,29609
I2,AP,3.AP_JAN-APR 2026.xls,198,MRLEE IN SUP,CAD,payable,652.94,,29931
I2,AP,3.AP_JAN-APR 2026.xls,200,G & S DIRECT,CAD,payable,225,PEAI008803,29606
I2,AP,3.AP_JAN-APR 2026.xls,201,G & S DIRECT,CAD,payable,325,PEAI008803,29607
I2,AP,3.AP_JAN-APR 2026.xls,202,YELLOWDOG,CAD,payable,335.36,PEOI009355,29603
I2,AP,3.AP_JAN-APR 2026.xls,205,AIR CANADA CARGO -ACCT,CAD,payable,178.26,PEAI008813,29593
I2,AP,3.AP_JAN-APR 2026.xls,207,A&B COURIER,CAD,receivable,-54.39,PEOI009350,29599
W6,AP,3.AP_JAN-APR 2026.xls,207,A&B COURIER,CAD,receivable,-54.39,PEOI009350,29599
I2,AP,3.AP_JAN-APR 2026.xls,208,CEDRUS GLOBAL TRADING,CAD,payable,2888.4,PEAI008803,29605
I2,AP,3.AP_JAN-APR 2026.xls,209,IATA CARGO ACCOUNTS,CAD,payable,458.62,PEAE008983,29596
I2,AP,3.AP_JAN-APR 2026.xls,215,AIR CANADA CARGO -ACCT,CAD,payable,156,PEAI008804,29588
I2,AP,3.AP_JAN-APR 2026.xls,217,G&S DIRECT,CAD,payable,300,PEAI008804,29589
I2,AP,3.AP_JAN-APR 2026.xls,218,WIN YAN LOGISTICS,CAD,payable,725,PEOI009296,29585
I2,AP,3.AP_JAN-APR 2026.xls,220,KHUMAN & KHUMAN CARRIER,CAD,payable,1599,PEOI009377,29590
I2,AP,3.AP_JAN-APR 2026.xls,222,WIN YAN LOGISTICS,CAD,payable,725,PEOI009306,29591
I2,AP,3.AP_JAN-APR 2026.xls,225,IATA CARGO ACCOUNTS,CAD,payable,2030.24,PEAE008978,29575
I2,AP,3.AP_JAN-APR 2026.xls,229,A&B COURIER,CAD,receivable,-69.93,PEAE008978,29576
W6,AP,3.AP_JAN-APR 2026.xls,229,A&B COURIER,CAD,receivable,-69.93,PEAE008978,29576
I2,AP,3.AP_JAN-APR 2026.xls,231,HARBOUR LINK -SUB LOCATIO,CAD,payable,1242.1,PEOI009360,29579
I2,AP,3.AP_JAN-APR 2026.xls,232,WIN YAN LOGISTICS,CAD,payable,900,PEOI009309,29582
I2,AP,3.AP_JAN-APR 2026.xls,233,HARBOUR LINK -SUB LOCATIO,CAD,payable,1946,PEOI009359,29580
I2,AP,3.AP_JAN-APR 2026.xls,235,KDM LOGISTICS,CAD,payable,243.75,PEAI008807,29578
I2,AP,3.AP_JAN-APR 2026.xls,236,WIN YAN LOGISTICS,CAD,payable,900,PEOI009335,29581
I2,AP,3.AP_JAN-APR 2026.xls,238,BLUE SHARK TRANSPORT,CAD,payable,573,PEOI009336,29574
I2,AP,3.AP_JAN-APR 2026.xls,239,NEWGEN TRANSPORT -ACC,CAD,payable,303.4,PEAE008970,29556
I2,AP,3.AP_JAN-APR 2026.xls,242,A&B COURIER,CAD,receivable,-130.32,PEAE008972,29560
W6,AP,3.AP_JAN-APR 2026.xls,242,A&B COURIER,CAD,receivable,-130.32,PEAE008972,29560
I2,AP,3.AP_JAN-APR 2026.xls,243,WIG BEAUTY OUTLET,CAD,payable,86.66,TRU-00374,29598
I2,AP,3.AP_JAN-APR 2026.xls,246,A&B COURIER,CAD,receivable,-157.32,PEAI008797,29674
W6,AP,3.AP_JAN-APR 2026.xls,246,A&B COURIER,CAD,receivable,-157.32,PEAI008797,29674
I2,AP,3.AP_JAN-APR 2026.xls,247,PANTOS LOGISTICS CANADA I,USD,payable,50,PEOI009439,29779
I2,AP,3.AP_JAN-APR 2026.xls,249,SCOTT FREIGHT SERVICES,CAD,payable,169,PEAI008805,29558
I2,AP,3.AP_JAN-APR 2026.xls,250,MCT TERMINAL & TRANSPORT,CAD,payable,70,PEOI009369,29557
I2,AP,3.AP_JAN-APR 2026.xls,251,WIN YAN LOGISTICS,CAD,payable,900,PEOI009311,29549
I2,AP,3.AP_JAN-APR 2026.xls,252,PANTOS LOGISTICS CANADA I,USD,payable,80,PEOI009439,29780
I2,AP,3.AP_JAN-APR 2026.xls,253,A&B COURIER,CAD,receivable,-62.5,PEAE008977,29533
W6,AP,3.AP_JAN-APR 2026.xls,253,A&B COURIER,CAD,receivable,-62.5,PEAE008977,29533
I2,AP,3.AP_JAN-APR 2026.xls,255,UNITED RELIABLE TRANSPORT,CAD,payable,562.8,PEOI009354,29634
I2,AP,3.AP_JAN-APR 2026.xls,257,IATA CARGO ACCOUNTS,CAD,payable,1176.43,PEAE008976,29541
I2,AP,3.AP_JAN-APR 2026.xls,258,WIN YAN LOGISTICS,CAD,payable,900,PEOI009300,29537
I2,AP,3.AP_JAN-APR 2026.xls,261,A&B COURIER,CAD,receivable,-62.37,PEAE008967,29534
W6,AP,3.AP_JAN-APR 2026.xls,261,A&B COURIER,CAD,receivable,-62.37,PEAE008967,29534
I2,AP,3.AP_JAN-APR 2026.xls,262,WIN YAN LOGISTICS,CAD,payable,725,PEOI009304,29539
I2,AP,3.AP_JAN-APR 2026.xls,266,GARDEWINE,CAD,payable,202,PEAE008976,29543
I2,AP,3.AP_JAN-APR 2026.xls,272,A&B COURIER,CAD,receivable,-189,PEAE008972,29527
W6,AP,3.AP_JAN-APR 2026.xls,272,A&B COURIER,CAD,receivable,-189,PEAE008972,29527
I2,AP,3.AP_JAN-APR 2026.xls,273,KHUMAN & KHUMAN CARRIER,CAD,payable,720,PEOI009342,29524
I2,AP,3.AP_JAN-APR 2026.xls,274,IATA CARGO ACCOUNTS,CAD,payable,2679.55,PEAE008972,29528
I2,AP,3.AP_JAN-APR 2026.xls,281,IATA CARGO ACCOUNTS,CAD,payable,2595.78,PEAE008970,29522
I2,AP,3.AP_JAN-APR 2026.xls,282,NEWGEN TRANSPORT -ACC,CAD,payable,443.4,PEAE008970,29523
I2,AP,3.AP_JAN-APR 2026.xls,286,WIN YAN LOGISTICS,CAD,payable,725,PEOI009334,29514
I2,AP,3.AP_JAN-APR 2026.xls,288,ARJ LOGISTICS,CAD,payable,1640,PEOX006862,29519
I2,AP,3.AP_JAN-APR 2026.xls,289,CEDRUS GLOBAL TRADING,CAD,payable,1112.11,PEOI009341,29517
I2,AP,3.AP_JAN-APR 2026.xls,292,KDM LOGISTICS,CAD,payable,131.25,PEAI008799,29509
I2,AP,3.AP_JAN-APR 2026.xls,293,PANTOS LOGISTICS CANADA I,USD,payable,50,PEOI009425,29724
I2,AP,3.AP_JAN-APR 2026.xls,294,A&B COURIER,CAD,receivable,-96.12,PEAE008975,29511
W6,AP,3.AP_JAN-APR 2026.xls,294,A&B COURIER,CAD,receivable,-96.12,PEAE008975,29511
I2,AP,3.AP_JAN-APR 2026.xls,295,PANTOS LOGISTICS CANADA I,USD,payable,50,PEOI009425,29723
I2,AP,3.AP_JAN-APR 2026.xls,297,CEDRUS GLOBAL TRADING,CAD,payable,859.56,PEAI008799,29510
I2,AP,3.AP_JAN-APR 2026.xls,298,IATA CARGO ACCOUNTS,CAD,payable,466.86,PEAE008975,29512
I2,AP,3.AP_JAN-APR 2026.xls,301,A&B COURIER,CAD,receivable,-76.23,PEOI009325,29553
W6,AP,3.AP_JAN-APR 2026.xls,301,A&B COURIER,CAD,receivable,-76.23,PEOI009325,29553
I2,AP,3.AP_JAN-APR 2026.xls,305,IATA CARGO ACCOUNTS,CAD,payable,3114.45,PEAE008973,29497
I2,AP,3.AP_JAN-APR 2026.xls,313,TRANSRAM EXPRESS,CAD,payable,250,PEAE008971,29485
W1,AP,3.AP_JAN-APR 2026.xls,313,TRANSRAM EXPRESS,CAD,payable,250,PEAE008971,29485
I2,AP,3.AP_JAN-APR 2026.xls,314,KDM ELECTRONICS,CAD,payable,237.5,PEOI009341,29489
W1,AP,3.AP_JAN-APR 2026.xls,314,KDM ELECTRONICS,CAD,payable,237.5,PEOI009341,29489
I2,AP,3.AP_JAN-APR 2026.xls,316,IATA CARGO ACCOUNTS,CAD,payable,862.3,PEAE008971,29486
W1,AP,3.AP_JAN-APR 2026.xls,316,IATA CARGO ACCOUNTS,CAD,payable,862.3,PEAE008971,29486
I2,AP,3.AP_JAN-APR 2026.xls,318,IATA CARGO ACCOUNTS,CAD,payable,95,PEAE008974,29493
W1,AP,3.AP_JAN-APR 2026.xls,318,IATA CARGO ACCOUNTS,CAD,payable,95,PEAE008974,29493
I2,AP,3.AP_JAN-APR 2026.xls,320,SANDHAR TRUCKING LTD - M,CAD,payable,985,PEOX006861,29491
W1,AP,3.AP_JAN-APR 2026.xls,320,SANDHAR TRUCKING LTD - M,CAD,payable,985,PEOX006861,29491
I2,AP,3.AP_JAN-APR 2026.xls,321,NEWGEN TRANSPORT -ACC,CAD,payable,132.7,PEOI009353,29487
W1,AP,3.AP_JAN-APR 2026.xls,321,NEWGEN TRANSPORT -ACC,CAD,payable,132.7,PEOI009353,29487
I2,AP,3.AP_JAN-APR 2026.xls,325,IEL CANADA BROKERAGE ULC,CAD,payable,1300,PEAE008969,29468
W1,AP,3.AP_JAN-APR 2026.xls,325,IEL CANADA BROKERAGE ULC,CAD,payable,1300,PEAE008969,29468
I2,AP,3.AP_JAN-APR 2026.xls,326,PANTOS LOGISTICS CANADA I,USD,payable,50,PEOI009374,29550
W1,AP,3.AP_JAN-APR 2026.xls,326,PANTOS LOGISTICS CANADA I,USD,payable,50,PEOI009374,29550
I2,AP,3.AP_JAN-APR 2026.xls,329,FEDEX FREIGHT CANADA -ACC,CAD,payable,210.49,PEAE008968,29482
W1,AP,3.AP_JAN-APR 2026.xls,329,FEDEX FREIGHT CANADA -ACC,CAD,payable,210.49,PEAE008968,29482
I2,AP,3.AP_JAN-APR 2026.xls,330,PANTOS LOGISTICS CANADA I,USD,payable,50,PEOI009374,29551
W1,AP,3.AP_JAN-APR 2026.xls,330,PANTOS LOGISTICS CANADA I,USD,payable,50,PEOI009374,29551
I2,AP,3.AP_JAN-APR 2026.xls,335,IATA CARGO ACCOUNTS,CAD,payable,13319.04,PEAE008969,29467
W1,AP,3.AP_JAN-APR 2026.xls,335,IATA CARGO ACCOUNTS,CAD,payable,13319.04,PEAE008969,29467
I2,AP,3.AP_JAN-APR 2026.xls,337,IATA CARGO ACCOUNTS,CAD,payable,864.9,PEAE008968,29478
W1,AP,3.AP_JAN-APR 2026.xls,337,IATA CARGO ACCOUNTS,CAD,payable,864.9,PEAE008968,29478
I2,AP,3.AP_JAN-APR 2026.xls,338,CNR INTERNATIONAL,USD,payable,25,PEOI009362,29484
W1,AP,3.AP_JAN-APR 2026.xls,338,CNR INTERNATIONAL,USD,payable,25,PEOI009362,29484
I2,AP,3.AP_JAN-APR 2026.xls,341,WIN YAN LOGISTICS,CAD,payable,725,PEOI009239,29457
W1,AP,3.AP_JAN-APR 2026.xls,341,WIN YAN LOGISTICS,CAD,payable,725,PEOI009239,29457
I2,AP,3.AP_JAN-APR 2026.xls,342,G & S DIRECT,CAD,payable,340,PEAI008796,29465
W1,AP,3.AP_JAN-APR 2026.xls,342,G & S DIRECT,CAD,payable,340,PEAI008796,29465
I2,AP,3.AP_JAN-APR 2026.xls,344,WIN YAN LOGISTICS,CAD,payable,725,PEOI009302,29458
W1,AP,3.AP_JAN-APR 2026.xls,344,WIN YAN LOGISTICS,CAD,payable,725,PEOI009302,29458
I2,AP,3.AP_JAN-APR 2026.xls,347,KHUMAN & KHUMAN CARRIER,CAD,payable,720,PEOI009326,29460
W1,AP,3.AP_JAN-APR 2026.xls,347,KHUMAN & KHUMAN CARRIER,CAD,payable,720,PEOI009326,29460
I2,AP,3.AP_JAN-APR 2026.xls,355,CEDRUS GLOBAL TRADING,CAD,payable,877.83,PEAI008795,29455
W1,AP,3.AP_JAN-APR 2026.xls,355,CEDRUS GLOBAL TRADING,CAD,payable,877.83,PEAI008795,29455
I2,AP,3.AP_JAN-APR 2026.xls,358,AARON TRUCKING,CAD,payable,248.8,PEOI009330,29449
W1,AP,3.AP_JAN-APR 2026.xls,358,AARON TRUCKING,CAD,payable,248.8,PEOI009330,29449
I2,AP,3.AP_JAN-APR 2026.xls,361,CNR INTERNATIONAL,USD,payable,25,PEOI009357,29446
W1,AP,3.AP_JAN-APR 2026.xls,361,CNR INTERNATIONAL,USD,payable,25,PEOI009357,29446
I2,AP,3.AP_JAN-APR 2026.xls,362,PANTOS LOGISTICS CANADA I,USD,payable,50,PEOI009386,29601
W1,AP,3.AP_JAN-APR 2026.xls,362,PANTOS LOGISTICS CANADA I,USD,payable,50,PEOI009386,29601
I2,AP,3.AP_JAN-APR 2026.xls,365,PANTOS LOGISTICS CANADA I,USD,payable,50,PEOI009386,29602
W1,AP,3.AP_JAN-APR 2026.xls,365,PANTOS LOGISTICS CANADA I,USD,payable,50,PEOI009386,29602
I2,AP,3.AP_JAN-APR 2026.xls,367,OCTS - OVERLAND CONTAINER,CAD,payable,1530.55,PEOX006858,29448
W1,AP,3.AP_JAN-APR 2026.xls,367,OCTS - OVERLAND CONTAINER,CAD,payable,1530.55,PEOX006858,29448
I2,AP,3.AP_JAN-APR 2026.xls,370,IATA CARGO ACCOUNTS,CAD,payable,238,PEAE008967,29444
W1,AP,3.AP_JAN-APR 2026.xls,370,IATA CARGO ACCOUNTS,CAD,payable,238,PEAE008967,29444
I2,AP,3.AP_JAN-APR 2026.xls,372,UNITED RELIABLE TRANSPORT,CAD,payable,2689.7,PEOI009292,29445
W1,AP,3.AP_JAN-APR 2026.xls,372,UNITED RELIABLE TRANSPORT,CAD,payable,2689.7,PEOI009292,29445
I2,AP,3.AP_JAN-APR 2026.xls,374,IATA CARGO ACCOUNTS,CAD,payable,648.14,PEAE008966,29441
W1,AP,3.AP_JAN-APR 2026.xls,374,IATA CARGO ACCOUNTS,CAD,payable,648.14,PEAE008966,29441
I2,AP,3.AP_JAN-APR 2026.xls,376,BLUE SHARK TRANSPORT,CAD,payable,472,PEOI009336,29573
W1,AP,3.AP_JAN-APR 2026.xls,376,BLUE SHARK TRANSPORT,CAD,payable,472,PEOI009336,29573
I2,AP,3.AP_JAN-APR 2026.xls,377,WIN YAN LOGISTICS,CAD,payable,725,PEOI009303,29439
W1,AP,3.AP_JAN-APR 2026.xls,377,WIN YAN LOGISTICS,CAD,payable,725,PEOI009303,29439
I2,AP,3.AP_JAN-APR 2026.xls,378,CP VAUGHAN IMDL TMNL - 30,CAD,payable,350,PEOI009294,29437
W1,AP,3.AP_JAN-APR 2026.xls,378,CP VAUGHAN IMDL TMNL - 30,CAD,payable,350,PEOI009294,29437
I2,AP,3.AP_JAN-APR 2026.xls,387,RRPLETT TRUCKING,CAD,payable,3815,PEOX006857,29429
W1,AP,3.AP_JAN-APR 2026.xls,387,RRPLETT TRUCKING,CAD,payable,3815,PEOX006857,29429
I2,AP,3.AP_JAN-APR 2026.xls,389,IATA CARGO ACCOUNTS,CAD,payable,1229.66,PEAE008964,29410
W1,AP,3.AP_JAN-APR 2026.xls,389,IATA CARGO ACCOUNTS,CAD,payable,1229.66,PEAE008964,29410
I2,AP,3.AP_JAN-APR 2026.xls,390,CVC SLINGSHOT TRANSPORTAT,CAD,payable,120,PEAI008794,29424
W1,AP,3.AP_JAN-APR 2026.xls,390,CVC SLINGSHOT TRANSPORTAT,CAD,payable,120,PEAI008794,29424
I2,AP,3.AP_JAN-APR 2026.xls,391,AIR CANADA CARGO -ACCT,CAD,payable,140.18,PEAI008794,29425
W1,AP,3.AP_JAN-APR 2026.xls,391,AIR CANADA CARGO -ACCT,CAD,payable,140.18,PEAI008794,29425
I2,AP,3.AP_JAN-APR 2026.xls,393,BLUE SHARK TRANSPORT,CAD,payable,560,PEOI009329,29419
W1,AP,3.AP_JAN-APR 2026.xls,393,BLUE SHARK TRANSPORT,CAD,payable,560,PEOI009329,29419
I2,AP,3.AP_JAN-APR 2026.xls,394,IATA CARGO ACCOUNTS,CAD,payable,215,PEAE008965,29420
W1,AP,3.AP_JAN-APR 2026.xls,394,IATA CARGO ACCOUNTS,CAD,payable,215,PEAE008965,29420
I2,AP,3.AP_JAN-APR 2026.xls,395,IATA CARGO ACCOUNTS,CAD,payable,33968.76,PEAE008963,29422
W1,AP,3.AP_JAN-APR 2026.xls,395,IATA CARGO ACCOUNTS,CAD,payable,33968.76,PEAE008963,29422
I2,AP,3.AP_JAN-APR 2026.xls,401,STALLION EXPRESS,CAD,payable,400,PEAI008787,29901
W1,AP,3.AP_JAN-APR 2026.xls,401,STALLION EXPRESS,CAD,payable,400,PEAI008787,29901
I2,AP,3.AP_JAN-APR 2026.xls,402,GOFUNDME,CAD,payable,582.5,,29894
W1,AP,3.AP_JAN-APR 2026.xls,402,GOFUNDME,CAD,payable,582.5,,29894
I2,AP,3.AP_JAN-APR 2026.xls,404,PACKEM,CAD,payable,1127.99,PEAI008787,29892
W1,AP,3.AP_JAN-APR 2026.xls,404,PACKEM,CAD,payable,1127.99,PEAI008787,29892
I2,AP,3.AP_JAN-APR 2026.xls,405,STALLION EXPRESS,CAD,payable,10,PEAI008787,29900
W1,AP,3.AP_JAN-APR 2026.xls,405,STALLION EXPRESS,CAD,payable,10,PEAI008787,29900
I2,AP,3.AP_JAN-APR 2026.xls,408,IATA CARGO ACCOUNTS,CAD,payable,95,PEAE008974,29493
W1,AP,3.AP_JAN-APR 2026.xls,408,IATA CARGO ACCOUNTS,CAD,payable,95,PEAE008974,29493
I2,AP,3.AP_JAN-APR 2026.xls,410,SANDHAR TRUCKING LTD - M,CAD,payable,985,PEOX006861,29491
W1,AP,3.AP_JAN-APR 2026.xls,410,SANDHAR TRUCKING LTD - M,CAD,payable,985,PEOX006861,29491
I2,AP,3.AP_JAN-APR 2026.xls,412,KDM ELECTRONICS,CAD,payable,237.5,PEOI009341,29489
W1,AP,3.AP_JAN-APR 2026.xls,412,KDM ELECTRONICS,CAD,payable,237.5,PEOI009341,29489
I2,AP,3.AP_JAN-APR 2026.xls,414,NEWGEN TRANSPORT -ACC,CAD,payable,132.7,PEOI009353,29487
W1,AP,3.AP_JAN-APR 2026.xls,414,NEWGEN TRANSPORT -ACC,CAD,payable,132.7,PEOI009353,29487
I2,AP,3.AP_JAN-APR 2026.xls,415,IATA CARGO ACCOUNTS,CAD,payable,862.3,PEAE008971,29486
W1,AP,3.AP_JAN-APR 2026.xls,415,IATA CARGO ACCOUNTS,CAD,payable,862.3,PEAE008971,29486
I2,AP,3.AP_JAN-APR 2026.xls,416,TRANSRAM EXPRESS,CAD,payable,250,PEAE008971,29485
W1,AP,3.AP_JAN-APR 2026.xls,416,TRANSRAM EXPRESS,CAD,payable,250,PEAE008971,29485
I2,AP,3.AP_JAN-APR 2026.xls,419,PANTOS LOGISTICS CANADA I,USD,payable,50,PEOI009374,29551
W1,AP,3.AP_JAN-APR 2026.xls,419,PANTOS LOGISTICS CANADA I,USD,payable,50,PEOI009374,29551
I2,AP,3.AP_JAN-APR 2026.xls,420,PANTOS LOGISTICS CANADA I,USD,payable,50,PEOI009374,29550
W1,AP,3.AP_JAN-APR 2026.xls,420,PANTOS LOGISTICS CANADA I,USD,payable,50,PEOI009374,29550
I2,AP,3.AP_JAN-APR 2026.xls,421,CNR INTERNATIONAL,USD,payable,25,PEOI009362,29484
W1,AP,3.AP_JAN-APR 2026.xls,421,CNR INTERNATIONAL,USD,payable,25,PEOI009362,29484
I2,AP,3.AP_JAN-APR 2026.xls,422,FEDEX FREIGHT CANADA -ACC,CAD,payable,210.49,PEAE008968,29482
W1,AP,3.AP_JAN-APR 2026.xls,422,FEDEX FREIGHT CANADA -ACC,CAD,payable,210.49,PEAE008968,29482
I2,AP,3.AP_JAN-APR 2026.xls,425,IATA CARGO ACCOUNTS,CAD,payable,864.9,PEAE008968,29478
W1,AP,3.AP_JAN-APR 2026.xls,425,IATA CARGO ACCOUNTS,CAD,payable,864.9,PEAE008968,29478
I2,AP,3.AP_JAN-APR 2026.xls,432,IEL CANADA BROKERAGE ULC,CAD,payable,1300,PEAE008969,29468
W1,AP,3.AP_JAN-APR 2026.xls,432,IEL CANADA BROKERAGE ULC,CAD,payable,1300,PEAE008969,29468
I2,AP,3.AP_JAN-APR 2026.xls,433,IATA CARGO ACCOUNTS,CAD,payable,13319.04,PEAE008969,29467
W1,AP,3.AP_JAN-APR 2026.xls,433,IATA CARGO ACCOUNTS,CAD,payable,13319.04,PEAE008969,29467
I2,AP,3.AP_JAN-APR 2026.xls,440,G & S DIRECT,CAD,payable,340,PEAI008796,29465
W1,AP,3.AP_JAN-APR 2026.xls,440,G & S DIRECT,CAD,payable,340,PEAI008796,29465
I2,AP,3.AP_JAN-APR 2026.xls,443,KHUMAN & KHUMAN CARRIER,CAD,payable,720,PEOI009326,29460
W1,AP,3.AP_JAN-APR 2026.xls,443,KHUMAN & KHUMAN CARRIER,CAD,payable,720,PEOI009326,29460
I2,AP,3.AP_JAN-APR 2026.xls,445,WIN YAN LOGISTICS,CAD,payable,725,PEOI009302,29458
W1,AP,3.AP_JAN-APR 2026.xls,445,WIN YAN LOGISTICS,CAD,payable,725,PEOI009302,29458
I2,AP,3.AP_JAN-APR 2026.xls,446,WIN YAN LOGISTICS,CAD,payable,725,PEOI009239,29457
W1,AP,3.AP_JAN-APR 2026.xls,446,WIN YAN LOGISTICS,CAD,payable,725,PEOI009239,29457
I2,AP,3.AP_JAN-APR 2026.xls,448,CEDRUS GLOBAL TRADING,CAD,payable,877.83,PEAI008795,29455
W1,AP,3.AP_JAN-APR 2026.xls,448,CEDRUS GLOBAL TRADING,CAD,payable,877.83,PEAI008795,29455
I2,AP,3.AP_JAN-APR 2026.xls,450,PANTOS LOGISTICS CANADA I,USD,payable,50,PEOI009386,29602
W1,AP,3.AP_JAN-APR 2026.xls,450,PANTOS LOGISTICS CANADA I,USD,payable,50,PEOI009386,29602
I2,AP,3.AP_JAN-APR 2026.xls,451,PANTOS LOGISTICS CANADA I,USD,payable,50,PEOI009386,29601
W1,AP,3.AP_JAN-APR 2026.xls,451,PANTOS LOGISTICS CANADA I,USD,payable,50,PEOI009386,29601
I2,AP,3.AP_JAN-APR 2026.xls,458,AARON TRUCKING,CAD,payable,248.8,PEOI009330,29449
W1,AP,3.AP_JAN-APR 2026.xls,458,AARON TRUCKING,CAD,payable,248.8,PEOI009330,29449
I2,AP,3.AP_JAN-APR 2026.xls,459,OCTS - OVERLAND CONTAINER,CAD,payable,1530.55,PEOX006858,29448
W1,AP,3.AP_JAN-APR 2026.xls,459,OCTS - OVERLAND CONTAINER,CAD,payable,1530.55,PEOX006858,29448
I2,AP,3.AP_JAN-APR 2026.xls,461,CNR INTERNATIONAL,USD,payable,25,PEOI009357,29446
W1,AP,3.AP_JAN-APR 2026.xls,461,CNR INTERNATIONAL,USD,payable,25,PEOI009357,29446
I2,AP,3.AP_JAN-APR 2026.xls,462,BLUE SHARK TRANSPORT,CAD,payable,472,PEOI009336,29573
W1,AP,3.AP_JAN-APR 2026.xls,462,BLUE SHARK TRANSPORT,CAD,payable,472,PEOI009336,29573
I2,AP,3.AP_JAN-APR 2026.xls,465,UNITED RELIABLE TRANSPORT,CAD,payable,2689.7,PEOI009292,29445
W1,AP,3.AP_JAN-APR 2026.xls,465,UNITED RELIABLE TRANSPORT,CAD,payable,2689.7,PEOI009292,29445
I2,AP,3.AP_JAN-APR 2026.xls,466,IATA CARGO ACCOUNTS,CAD,payable,238,PEAE008967,29444
W1,AP,3.AP_JAN-APR 2026.xls,466,IATA CARGO ACCOUNTS,CAD,payable,238,PEAE008967,29444
I2,AP,3.AP_JAN-APR 2026.xls,469,IATA CARGO ACCOUNTS,CAD,payable,648.14,PEAE008966,29441
W1,AP,3.AP_JAN-APR 2026.xls,469,IATA CARGO ACCOUNTS,CAD,payable,648.14,PEAE008966,29441
I2,AP,3.AP_JAN-APR 2026.xls,471,WIN YAN LOGISTICS,CAD,payable,725,PEOI009303,29439
W1,AP,3.AP_JAN-APR 2026.xls,471,WIN YAN LOGISTICS,CAD,payable,725,PEOI009303,29439
I2,AP,3.AP_JAN-APR 2026.xls,472,CP VAUGHAN IMDL TMNL - 30,CAD,payable,350,PEOI009294,29437
W1,AP,3.AP_JAN-APR 2026.xls,472,CP VAUGHAN IMDL TMNL - 30,CAD,payable,350,PEOI009294,29437
I2,AP,3.AP_JAN-APR 2026.xls,480,RRPLETT TRUCKING,CAD,payable,3815,PEOX006857,29429
W1,AP,3.AP_JAN-APR 2026.xls,480,RRPLETT TRUCKING,CAD,payable,3815,PEOX006857,29429
I2,AP,3.AP_JAN-APR 2026.xls,483,AIR CANADA CARGO -ACCT,CAD,payable,140.18,PEAI008794,29425
W1,AP,3.AP_JAN-APR 2026.xls,483,AIR CANADA CARGO -ACCT,CAD,payable,140.18,PEAI008794,29425
I2,AP,3.AP_JAN-APR 2026.xls,484,CVC SLINGSHOT TRANSPORTAT,CAD,payable,120,PEAI008794,29424
W1,AP,3.AP_JAN-APR 2026.xls,484,CVC SLINGSHOT TRANSPORTAT,CAD,payable,120,PEAI008794,29424
I2,AP,3.AP_JAN-APR 2026.xls,486,IATA CARGO ACCOUNTS,CAD,payable,33968.76,PEAE008963,29422
W1,AP,3.AP_JAN-APR 2026.xls,486,IATA CARGO ACCOUNTS,CAD,payable,33968.76,PEAE008963,29422
I2,AP,3.AP_JAN-APR 2026.xls,488,IATA CARGO ACCOUNTS,CAD,payable,215,PEAE008965,29420
W1,AP,3.AP_JAN-APR 2026.xls,488,IATA CARGO ACCOUNTS,CAD,payable,215,PEAE008965,29420
I2,AP,3.AP_JAN-APR 2026.xls,489,BLUE SHARK TRANSPORT,CAD,payable,560,PEOI009329,29419
W1,AP,3.AP_JAN-APR 2026.xls,489,BLUE SHARK TRANSPORT,CAD,payable,560,PEOI009329,29419
I2,AP,3.AP_JAN-APR 2026.xls,493,IATA CARGO ACCOUNTS,CAD,payable,1229.66,PEAE008964,29410
W1,AP,3.AP_JAN-APR 2026.xls,493,IATA CARGO ACCOUNTS,CAD,payable,1229.66,PEAE008964,29410
I2,AP,3.AP_JAN-APR 2026.xls,494,STALLION EXPRESS,CAD,payable,400,PEAI008787,29901
W1,AP,3.AP_JAN-APR 2026.xls,494,STALLION EXPRESS,CAD,payable,400,PEAI008787,29901
I2,AP,3.AP_JAN-APR 2026.xls,497,STALLION EXPRESS,CAD,payable,10,PEAI008787,29900
W1,AP,3.AP_JAN-APR 2026.xls,497,STALLION EXPRESS,CAD,payable,10,PEAI008787,29900
I2,AP,3.AP_JAN-APR 2026.xls,498,GOFUNDME,CAD,payable,582.5,,29894
W1,AP,3.AP_JAN-APR 2026.xls,498,GOFUNDME,CAD,payable,582.5,,29894
I2,AP,3.AP_JAN-APR 2026.xls,499,PACKEM,CAD,payable,1127.99,PEAI008787,29892
W1,AP,3.AP_JAN-APR 2026.xls,499,PACKEM,CAD,payable,1127.99,PEAI008787,29892